Date,Time,SiteID,Temp_Inst,DO_Inst,pH_Inst,Depth
2023-04-17,11:39:43,LARK014A,17.117,10.71,8.67,0.728
2023-04-17,11:39:44,LARK014A,17.139,10.71,8.67,1.095
2023-04-17,11:40:04,LARK014A,16.945,10.88,8.75,2.341
2023-04-17,11:40:19,LARK014A,16.883,10.97,8.77,3.278
2023-04-17,11:40:25,LARK014A,16.852,10.99,8.76,4.333
2023-04-17,11:40:53,LARK014A,16.403,10.71,8.53,4.786
2023-04-17,11:40:54,LARK014A,16.366,10.17,8.41,5.7
2023-04-17,11:41:03,LARK014A,15.721,8.91,8.29,5.814
2023-04-17,11:41:04,LARK014A,14.489,8.66,8.17,5.874
2023-04-17,11:41:06,LARK014A,14,8.94,8.13,6.002
2023-04-17,11:41:18,LARK014A,13.417,6.75,7.96,7.016
2023-04-17,11:41:32,LARK014A,12.408,4.94,7.89,7.091
2023-04-17,11:41:44,LARK014A,11.898,3.88,7.83,8.277
2023-04-17,11:42:00,LARK014A,11.475,3,7.73,8.282
2023-04-17,13:38:14,LARK038,16.608,11.73,8.79,0.013
2023-04-17,13:38:51,LARK038,16.289,11.85,8.77,0.505
2023-04-17,13:39:39,LARK038,16.192,11.86,8.76,1
2023-04-17,13:40:17,LARK038,15.283,12.39,8.78,1.506
2023-04-17,13:41:19,LARK038,14.614,12.31,8.58,1.861
2023-04-17,15:18:25,LNEO001A,18.352,12.7,9.38,0.64
2023-04-17,15:18:53,LNEO001A,17.974,12.64,9.4,1.638
2023-04-17,15:19:06,LNEO001A,16.974,13.3,9.47,1.918
2023-04-17,15:19:17,LNEO001A,16.317,13.72,9.49,2.922
2023-04-17,15:19:35,LNEO001A,15.601,11.96,8.94,3.582
2023-04-17,15:19:38,LNEO001A,15.404,11.7,8.93,4.529
2023-04-17,15:19:49,LNEO001A,14.505,8.53,8.46,5.074
2023-04-17,15:19:58,LNEO001A,13.528,6.52,8.25,5.185
2023-04-17,15:20:02,LNEO001A,13.246,6.15,8.21,6.141
2023-04-17,15:20:16,LNEO001A,12.252,3.98,8.02,6.785
2023-04-17,15:20:28,LNEO001A,11.772,2.55,7.98,7.078
2023-04-17,15:20:31,LNEO001A,11.646,2.32,7.96,8.139
2023-04-17,15:21:14,LNEO001A,11.094,0.88,7.85,9.128
2023-04-17,15:21:55,LNEO001A,11.122,0.51,7.91,9.336
2023-05-16,09:35:04,LOUA006A,28.913,8.65,8.23,0.14
2023-05-16,09:36:00,LOUA006A,28.563,8.64,8.3,1.012
2023-05-16,09:36:34,LOUA006A,27.52,8.68,8.24,1.585
2023-05-16,09:36:48,LOUA006A,26.503,8.4,8.09,1.99
2023-05-16,09:37:01,LOUA006A,25.633,7.77,7.94,2.231
2023-05-15,14:50:16,LOUA007A,31.733,12.91,9.73,0.484
2023-05-15,14:50:43,LOUA007A,31.064,12.14,9.78,1.104
2023-05-15,14:50:46,LOUA007A,29.98,12.39,9.69,1.343
2023-05-15,14:50:50,LOUA007A,28.712,11.2,9.33,1.724
2023-05-15,14:50:51,LOUA007A,27.806,11.07,9.19,1.97
2023-05-15,14:50:52,LOUA007A,26.804,11.24,9.15,2.052
2023-05-15,14:50:56,LOUA007A,25.706,10.5,9.05,2.074
2023-05-15,14:51:04,LOUA007A,24.586,8.32,8.76,2.169
2023-05-15,14:51:08,LOUA007A,23.555,6.35,8.6,2.902
2023-05-15,14:51:17,LOUA007A,22.535,3.53,8.26,3.66
2023-05-15,14:51:37,LOUA007A,21.502,1.62,7.72,3.831
2023-05-15,14:51:54,LOUA007A,20.962,1.05,7.12,4.078
2023-05-15,13:31:49,LOUA008A,27.058,10.45,8.24,0.354
2023-05-15,13:34:06,LOUA008A,26.443,10.2,8.33,0.993
2023-05-15,13:34:18,LOUA008A,25.368,9.83,8.21,1.589
2023-05-15,13:34:25,LOUA008A,24.394,9.88,8.14,1.693
2023-05-15,13:34:32,LOUA008A,23.423,9.34,8.07,1.813
2023-05-15,13:34:40,LOUA008A,22.404,8.39,7.93,1.978
2023-05-15,13:34:46,LOUA008A,21.475,6.42,7.81,2.224
2023-05-15,13:34:54,LOUA008A,20.329,3.8,7.61,2.683
2023-05-15,13:34:58,LOUA008A,19.397,3.19,7.53,2.785
2023-05-15,13:35:07,LOUA008A,18.332,2.07,7.35,3.118
2023-05-15,13:35:19,LOUA008A,17.454,1.23,7.13,3.421
2023-05-15,13:35:33,LOUA008A,16.495,0.84,6.91,3.577
2023-05-15,13:35:47,LOUA008A,15.454,0.62,6.55,3.744
2023-05-15,13:36:32,LOUA008A,14.484,0.33,5.88,4.058
2023-05-15,13:36:40,LOUA008A,14.101,0.3,5.77,4.298
2023-05-15,11:48:53,LOUA010A,28.806,9.75,8.22,0.303
2023-05-15,11:49:42,LOUA010A,28.244,9.83,8.33,0.53
2023-05-15,11:51:39,LOUA010A,27.251,9.97,8.44,0.961
2023-05-15,11:52:03,LOUA010A,26.272,9.25,8.17,1.438
2023-05-15,11:52:20,LOUA010A,25.27,7.03,7.89,1.683
2023-05-15,11:52:40,LOUA010A,24.266,3.11,7.58,2.242
2023-05-15,11:53:08,LOUA010A,24.131,1.88,7.32,2.244
2023-05-22,09:15:00,LARK026A,24.958,7.8,8.14,0.458
2023-05-22,09:15:33,LARK026A,24.939,7.72,8.12,1.004
2023-05-22,09:16:05,LARK026A,24.674,6.97,7.87,2.003
2023-05-22,09:16:26,LARK026A,24.477,6.6,7.67,2.202
2023-05-30,10:05:15,LWHI001A,26.942,7.88,8.09,0.342
2023-05-30,10:05:44,LWHI001A,26.846,6.42,7.9,0.545
2023-05-30,10:05:54,LWHI001A,26.613,4.49,7.71,0.743
2023-05-30,10:06:03,LWHI001A,26.36,3.17,7.66,0.944
2023-05-30,10:06:17,LWHI001A,25.988,2.15,7.59,1.148
2023-05-30,12:54:24,LWHI005A,28.958,9.63,9.17,0.359
2023-05-30,12:54:45,LWHI005A,28.919,9.5,9.17,1.206
2023-05-30,12:55:02,LWHI005A,27.914,9.06,9.22,1.637
2023-05-30,12:55:24,LWHI005A,26.916,7.45,8.58,1.935
2023-05-30,12:55:54,LWHI005A,26.174,5.97,8.16,2.912
2023-05-30,12:56:14,LWHI005A,25.182,1.56,7.92,3.596
2023-05-30,12:56:27,LWHI005A,24.254,0.82,7.86,4.599
2023-05-30,12:56:36,LWHI005A,23.193,0.69,7.83,4.724
2023-05-30,12:56:45,LWHI005A,22.172,0.62,7.78,4.788
2023-05-30,12:56:56,LWHI005A,21.179,0.49,7.72,5.026
2023-05-30,12:57:03,LWHI005A,20.716,0.46,7.69,6.12
2023-05-30,12:57:17,LWHI005A,19.861,0.38,7.67,6.212
2023-06-13,08:28:25,LWHI023,26.01,9.32,8.92,0.106
2023-06-13,08:28:44,LWHI023,26.015,9.34,8.92,1.045
2023-06-13,08:29:16,LWHI023,25.978,9.33,8.94,2.011
2023-06-13,08:30:01,LWHI023,25.956,9.3,8.95,3.018
2023-06-13,08:30:42,LWHI023,24.936,8.81,8.67,3.794
2023-06-13,08:30:50,LWHI023,23.995,8.63,8.66,3.961
2023-06-13,08:30:52,LWHI023,23.731,8.59,8.67,4.022
2023-06-13,08:31:01,LWHI023,22.728,8.4,8.66,4.187
2023-06-13,08:31:11,LWHI023,21.767,7.16,8.6,4.419
2023-06-13,08:31:22,LWHI023,20.761,5.93,8.62,4.693
2023-06-13,08:31:32,LWHI023,19.806,4.91,8.64,4.859
2023-06-13,08:31:40,LWHI023,18.867,4.35,8.64,5.037
2023-06-13,08:31:47,LWHI023,17.936,3.66,8.65,5.197
2023-06-13,08:31:53,LWHI023,16.942,2.95,8.67,5.443
2023-06-13,08:32:02,LWHI023,15.975,2.42,8.72,5.64
2023-06-13,08:32:10,LWHI023,14.99,2.1,8.7,5.831
2023-06-13,08:32:15,LWHI023,14.573,1.93,8.74,6
2023-06-13,08:32:25,LWHI023,13.559,2.37,8.78,6.233
2023-06-13,08:32:47,LWHI023,12.565,1.96,8.63,6.383
2023-06-13,08:33:32,LWHI023,11.546,0.64,8.36,6.933
2023-06-13,08:33:42,LWHI023,11.364,0.58,8.31,7.05
2023-06-13,08:34:44,LWHI023,10.49,0.41,8.08,8.051
2023-06-13,08:36:14,LWHI023,10.216,0.37,7.8,8.511
2023-06-12,15:00:51,LWHI027,26.876,7.93,8.13,0.097
2023-06-12,15:01:03,LWHI027,26.826,7.91,8.1,1.016
2023-06-12,15:01:19,LWHI027,26.637,7.87,8.11,2.086
2023-06-12,15:01:30,LWHI027,26.464,7.88,8.13,3.042
2023-06-12,15:01:36,LWHI027,25.452,7.54,8.15,3.546
2023-06-12,15:01:38,LWHI027,24.496,7.95,8.16,3.624
2023-06-12,15:01:39,LWHI027,24.14,8.09,8.16,3.687
2023-06-12,15:01:42,LWHI027,23.556,8.24,8.17,3.874
2023-06-12,15:01:44,LWHI027,22.941,8.35,8.18,4.036
2023-06-12,15:01:45,LWHI027,22.525,8.44,8.19,4.116
2023-06-12,15:01:48,LWHI027,21.626,8.68,8.18,4.267
2023-06-12,15:01:52,LWHI027,20.568,8.88,8.17,4.488
2023-06-12,15:01:57,LWHI027,19.585,8.06,8.12,4.904
2023-06-12,15:02:04,LWHI027,18.502,6.49,8.01,5.463
2023-06-12,15:02:07,LWHI027,17.682,6.01,7.99,5.731
2023-06-12,15:02:10,LWHI027,16.78,5.58,7.97,6.015
2023-06-12,15:02:14,LWHI027,15.65,5.02,7.96,6.334
2023-06-12,15:02:18,LWHI027,14.67,4.58,7.95,6.603
2023-06-12,15:02:23,LWHI027,13.681,4.05,7.94,6.854
2023-06-12,15:02:27,LWHI027,13.041,3.61,7.91,7.072
2023-06-12,15:02:34,LWHI027,12.006,3.01,7.88,7.525
2023-06-12,15:02:44,LWHI027,11.243,2.38,7.82,8.077
2023-06-12,15:03:01,LWHI027,10.471,1.57,7.72,9.057
2023-06-12,15:03:21,LWHI027,10.091,0.92,7.58,10.055
2023-06-12,15:03:40,LWHI027,9.769,0.66,7.47,11.051
2023-06-12,15:04:00,LWHI027,9.612,0.52,7.39,12.059
2023-06-12,15:04:16,LWHI027,9.461,0.45,7.33,13.074
2023-06-12,15:04:38,LWHI027,9.306,0.4,7.23,14.069
2023-06-12,15:05:42,LWHI027,9.264,0.37,7.12,14.783
2023-06-12,13:21:50,LWHI028,26.673,8.27,8.08,0.14
2023-06-12,13:22:00,LWHI028,26.675,8.28,8.2,1.025
2023-06-12,13:22:22,LWHI028,26.524,8.29,8.29,2.043
2023-06-12,13:22:56,LWHI028,26.439,8.34,8.32,3.001
2023-06-12,13:23:15,LWHI028,25.249,7.83,8.28,4.063
2023-06-12,13:23:17,LWHI028,24.247,8.03,8.22,4.254
2023-06-12,13:23:19,LWHI028,23.315,8.2,8.16,4.506
2023-06-12,13:23:23,LWHI028,22.244,8.12,8.12,4.759
2023-06-12,13:23:27,LWHI028,21.139,7.91,8.06,5.148
2023-06-12,13:23:32,LWHI028,20.132,7.37,8.03,5.321
2023-06-12,13:23:38,LWHI028,19.203,6.66,7.98,5.808
2023-06-12,13:23:43,LWHI028,18.26,6.09,7.95,6.134
2023-06-12,13:23:52,LWHI028,17.254,4.1,7.87,6.711
2023-06-12,13:23:58,LWHI028,16.717,3.03,7.82,7
2023-06-12,13:24:08,LWHI028,15.783,1.8,7.75,7.718
2023-06-12,13:24:11,LWHI028,15.32,1.58,7.73,8.009
2023-06-12,13:24:17,LWHI028,14.281,1.23,7.71,8.534
2023-06-12,13:24:23,LWHI028,13.299,1,7.7,9.139
2023-06-12,13:24:32,LWHI028,12.153,0.9,7.69,9.73
2023-06-12,13:24:37,LWHI028,11.744,0.98,7.67,10.095
2023-06-12,13:25:04,LWHI028,11.037,1.5,7.55,10.749
2023-07-10,11:44:28,LARK012A,28.925,9.65,9.01,0.105
2023-07-10,11:44:36,LARK012A,28.31,8.9,8.81,1.005
2023-07-10,11:44:43,LARK012A,27.981,7.33,8.55,2.186
2023-07-10,11:44:49,LARK012A,27.354,4.96,8.24,3.18
2023-07-10,11:44:55,LARK012A,26.037,2.33,7.97,3.93
2023-07-10,11:44:57,LARK012A,25.124,1.94,7.94,4.082
2023-07-10,11:44:59,LARK012A,24.304,1.77,7.91,4.383
2023-07-10,11:45:00,LARK012A,23.224,1.56,7.9,4.561
2023-07-10,11:45:02,LARK012A,22.305,1.37,7.87,4.854
2023-07-10,11:45:04,LARK012A,21.389,1.25,7.86,5.197
2023-07-10,11:45:05,LARK012A,20.484,1.2,7.85,5.377
2023-07-10,11:45:07,LARK012A,19.562,1.13,7.84,5.597
2023-07-10,11:45:11,LARK012A,18.527,0.96,7.82,6.165
2023-07-10,11:45:18,LARK012A,17.691,0.76,7.76,6.977
2023-07-10,11:45:25,LARK012A,16.723,0.63,7.68,7.907
2023-07-10,11:45:35,LARK012A,15.922,0.54,7.61,8.906
2023-07-10,16:43:00,LARK014A,29.266,9.77,8.99,0.1
2023-07-10,16:43:26,LARK014A,28.541,10.05,9.05,1.005
2023-07-10,16:44:01,LARK014A,27.921,9.59,8.91,2.015
2023-07-10,16:44:30,LARK014A,26.932,5.54,8.19,2.597
2023-07-10,16:44:47,LARK014A,25.912,2.95,7.8,3.034
2023-07-10,16:45:01,LARK014A,24.934,1.39,7.72,3.311
2023-07-10,16:45:11,LARK014A,23.985,1.26,7.7,3.533
2023-07-10,16:45:23,LARK014A,22.953,0.75,7.64,3.811
2023-07-10,16:45:35,LARK014A,21.876,0.54,7.61,4.125
2023-07-10,16:45:42,LARK014A,20.98,0.47,7.62,4.353
2023-07-10,16:45:53,LARK014A,19.911,0.42,7.63,4.681
2023-07-10,16:46:04,LARK014A,18.951,0.37,7.64,5.048
2023-07-10,16:46:20,LARK014A,17.968,0.34,7.67,5.594
2023-07-10,16:46:37,LARK014A,16.943,0.32,7.68,6.201
2023-07-10,16:47:13,LARK014A,15.942,0.28,7.62,7.102
2023-07-10,16:48:26,LARK014A,15.317,0.28,7.47,7.864
2023-09-26,13:05:39,LARK026A,26.54,9.58,9.2,0.316
2023-09-26,13:06:02,LARK026A,26.53,9.88,9.19,0.563
2023-09-26,13:06:04,LARK026A,26.429,9.04,8.8,0.996
2023-09-26,13:06:09,LARK026A,25.92,7.36,8.39,1.54
2023-09-26,13:06:28,LARK026A,25.649,4.65,7.94,1.875
2023-07-11,08:31:58,LARK038,26.682,10.43,8.16,0.14
2023-07-11,08:32:11,LARK038,27.229,11.92,8.09,0.665
2023-07-11,08:32:26,LARK038,27.253,12.17,8.07,1.112
2023-07-11,08:32:41,LARK038,27.249,12.09,8.02,1.604
2023-07-11,08:32:56,LARK038,26.487,8.16,7.62,2.097
2023-07-11,08:33:09,LARK038,25.68,5.53,7.47,2.364
2023-07-10,14:01:21,LARK039,30.142,11.4,9.66,0.112
2023-07-10,14:01:46,LARK039,29.17,10.98,9.64,1.03
2023-07-10,14:01:52,LARK039,28.107,11.01,9.63,1.254
2023-07-10,14:02:05,LARK039,27.516,8.2,8.83,2.034
2023-07-10,14:02:18,LARK039,26.516,3.23,8.24,2.737
2023-07-10,14:02:25,LARK039,25.418,1.93,8.03,2.99
2023-07-10,14:02:29,LARK039,24.563,1.5,7.94,3.136
2023-07-10,14:02:33,LARK039,23.437,1.2,7.9,3.3
2023-07-10,14:02:37,LARK039,22.491,1.02,7.88,3.452
2023-07-10,14:02:42,LARK039,21.488,0.87,7.88,3.612
2023-07-10,14:02:49,LARK039,20.507,0.74,7.86,3.799
2023-07-10,14:02:58,LARK039,19.512,0.65,7.84,4.048
2023-07-10,14:03:07,LARK039,18.513,0.57,7.82,4.391
2023-07-10,14:03:17,LARK039,17.491,0.51,7.8,4.737
2023-07-10,14:03:31,LARK039,16.502,0.48,7.8,5.178
2023-07-10,14:03:43,LARK039,15.561,0.43,7.79,5.637
2023-07-10,14:03:50,LARK039,14.543,0.4,7.82,6.118
2023-07-10,14:03:57,LARK039,13.583,0.39,7.83,6.558
2023-07-10,14:04:10,LARK039,12.514,0.38,7.76,6.956
2023-07-10,14:05:18,LARK039,12.139,0.33,7.39,7.344
2023-07-11,09:52:24,LNEO001A,27.706,9.32,8.74,0.342
2023-07-11,09:52:47,LNEO001A,27.707,9.28,8.69,1.077
2023-07-11,09:52:56,LNEO001A,27.655,9.25,8.7,2.097
2023-07-11,09:53:01,LNEO001A,26.986,7.2,8.23,3.062
2023-07-11,09:53:06,LNEO001A,25.965,4.16,8.05,3.656
2023-07-11,09:53:10,LNEO001A,24.945,2.61,7.95,4.235
2023-07-11,09:53:12,LNEO001A,23.76,2.14,7.9,4.479
2023-07-11,09:53:14,LNEO001A,22.553,1.95,7.81,4.726
2023-07-11,09:53:17,LNEO001A,21.64,1.63,7.76,4.986
2023-07-11,09:53:20,LNEO001A,20.794,1.37,7.73,5.311
2023-07-11,09:53:23,LNEO001A,19.736,1.19,7.73,5.648
2023-07-11,09:53:26,LNEO001A,18.958,1.03,7.75,6.026
2023-07-11,09:53:29,LNEO001A,17.662,0.94,7.76,6.27
2023-07-11,09:53:32,LNEO001A,16.659,0.88,7.8,6.603
2023-07-11,09:53:38,LNEO001A,15.672,0.79,7.86,6.853
2023-07-11,09:53:49,LNEO001A,14.697,0.64,7.87,7.863
2023-07-11,09:54:01,LNEO001A,13.973,0.54,7.8,8.87
2023-07-11,09:54:10,LNEO001A,13.599,0.5,7.71,9.261
2023-09-25,09:49:02,LOUA004A,25.653,7.52,7.15,0.487
2023-09-25,09:49:33,LOUA004A,25.548,7.23,7.08,1
2023-09-25,09:49:49,LOUA004A,25.269,5.36,6.71,2.019
2023-09-25,09:50:14,LOUA004A,25.037,3.36,6.47,3.021
2023-09-25,09:50:38,LOUA004A,25.004,3.03,6.48,3.54
2023-08-29,09:51:01,LOUA005A,30.988,6.02,6.74,0.536
2023-08-29,09:51:14,LOUA005A,30.98,6.04,6.73,1.007
2023-08-29,09:51:24,LOUA005A,30.987,6.02,6.71,2.102
2023-08-29,09:51:34,LOUA005A,30.987,5.99,6.71,3.08
2023-08-29,09:51:45,LOUA005A,30.913,4.99,6.68,4.054
2023-08-29,09:51:50,LOUA005A,29.868,2.73,6.48,4.49
2023-08-29,09:51:54,LOUA005A,28.92,1.76,6.43,4.798
2023-08-29,09:51:57,LOUA005A,27.877,1.51,6.38,4.952
2023-09-26,09:41:19,LOUA006A,27.102,8.56,9.2,0.4
2023-09-26,09:41:25,LOUA006A,27.095,8.57,9.19,1.175
2023-09-26,09:41:33,LOUA006A,27.065,8.62,9.19,2.039
2023-09-26,09:41:42,LOUA006A,27.024,8.45,8.86,3.174
2023-09-26,09:41:55,LOUA006A,26.978,7.06,8.73,3.625
2023-09-25,14:24:49,LOUA007A,27.136,9.4,8.32,0.419
2023-09-25,14:25:03,LOUA007A,26.746,7.5,7.66,1.029
2023-09-25,14:25:23,LOUA007A,26.386,3.46,6.9,2.084
2023-09-25,14:25:49,LOUA007A,26.328,1.96,6.69,3.053
2023-09-25,13:22:36,LOUA008A,26.389,8.99,6.87,0.418
2023-09-25,13:22:49,LOUA008A,26.196,8.86,6.85,1.025
2023-09-25,13:23:10,LOUA008A,25.628,3.83,6.19,2.001
2023-09-25,13:23:26,LOUA008A,24.55,1.27,5.78,3.004
2023-09-25,13:23:36,LOUA008A,23.52,0.8,5.74,3.456
2023-09-25,12:20:41,LOUA010A,26.585,7.85,7.38,0.382
2023-09-25,12:20:46,LOUA010A,26.609,7.91,7.38,0.552
2023-09-25,12:20:57,LOUA010A,26.269,6.57,7.23,1.022
2023-09-25,12:21:12,LOUA010A,26.141,5.35,7.09,1.519
2023-09-25,12:21:29,LOUA010A,26.07,4.72,7.03,2.012
2023-08-29,08:56:48,LOUA012A,30.688,5.12,6.77,0.291
2023-08-29,08:56:57,LOUA012A,30.693,5.03,6.72,1.077
2023-08-29,08:57:13,LOUA012A,30.692,4.93,6.71,2.056
2023-08-29,08:57:26,LOUA012A,30.537,4.54,6.72,3.025
2023-08-29,08:57:33,LOUA012A,29.524,2.54,6.45,3.452
2023-08-29,08:57:40,LOUA012A,28.547,1.46,6.58,3.52
2023-08-29,08:57:56,LOUA012A,27.554,0.63,6.82,3.724
2023-08-29,10:35:49,LOUA026A,30.648,3.8,6.49,0.533
2023-08-29,10:36:08,LOUA026A,30.551,3.51,6.46,1.037
2023-08-29,10:36:32,LOUA026A,30.335,3.3,6.44,2.005
2023-08-29,10:36:40,LOUA026A,29.414,1.44,6.23,2.422
2023-08-29,10:36:44,LOUA026A,28.492,0.94,6.38,2.687
2023-08-28,12:08:24,LRED001A,32.141,6.05,6.98,0.451
2023-08-28,12:08:33,LRED001A,32.145,6.08,6.98,1.041
2023-08-28,12:08:44,LRED001A,32.131,6.03,6.98,2.067
2023-08-28,12:08:57,LRED001A,32.12,5.94,6.98,3.037
2023-08-28,12:09:34,LRED001A,32.007,5.46,6.88,4.09
2023-08-28,12:09:44,LRED001A,31.212,2.83,6.68,4.928
2023-08-28,12:09:49,LRED001A,30.074,1.46,6.54,5.384
2023-08-28,12:09:57,LRED001A,29.01,0.79,6.59,5.687
2023-08-28,12:10:09,LRED001A,27.989,0.49,6.75,5.859
2023-08-28,13:49:58,LRED001B,31.761,7.03,7.74,0.477
2023-08-28,13:50:09,LRED001B,31.75,7,7.68,1.107
2023-08-28,13:50:19,LRED001B,31.63,6.79,7.66,2.094
2023-08-28,13:50:38,LRED001B,31.458,6.27,7.57,3.053
2023-08-28,13:50:49,LRED001B,31.329,5.72,7.48,3.603
2023-08-28,15:23:52,LRED002A,32.323,6.97,7.24,0.425
2023-08-28,15:24:07,LRED002A,32.31,6.97,7.25,1.054
2023-08-28,15:24:20,LRED002A,32.243,6.93,7.25,2.024
2023-08-28,15:24:32,LRED002A,32.086,6.77,7.23,3.018
2023-08-28,15:24:50,LRED002A,31.591,6.2,7.15,4.056
2023-08-28,15:25:06,LRED002A,31.336,5.86,7.04,5.115
2023-08-28,15:25:16,LRED002A,30.097,3.49,6.7,5.508
2023-08-28,15:25:18,LRED002A,29.217,2.62,6.7,5.655
2023-08-28,15:25:23,LRED002A,28.13,1.59,6.82,6.008
2023-08-28,10:43:21,LRED004A,31.274,3.94,6.41,0.466
2023-08-28,10:43:46,LRED004A,31.271,3.87,6.38,1.015
2023-08-28,10:44:14,LRED004A,31.265,3.7,6.39,1.504
2023-09-18,13:11:16,LWHI005A,26.742,9.94,8.84,0.749
2023-09-18,13:11:20,LWHI005A,26.626,9.41,8.69,1.507
2023-09-18,13:11:29,LWHI005A,25.683,8.99,8.32,2.329
2023-09-18,13:11:39,LWHI005A,24.992,8.77,8.05,3.398
2023-09-18,13:12:41,LWHI005A,24.456,3.76,7.48,4.415
2023-09-19,13:51:52,LWHI023,25.48,8.15,8.76,1.293
2023-09-19,13:52:32,LWHI023,25.479,8.15,8.76,2.215
2023-09-19,13:52:56,LWHI023,24.706,7.1,8.6,3.652
2023-09-19,13:53:49,LWHI023,24.458,6.09,8.52,4.215
2023-09-19,12:29:59,LWHI027,24.629,7.78,8.4,1.22
2023-09-19,12:30:30,LWHI027,24.631,7.78,8.41,2.373
2023-09-19,12:30:32,LWHI027,24.628,7.77,8.4,3.54
2023-09-19,12:30:42,LWHI027,24.526,7.7,8.38,4.444
2023-09-19,12:30:43,LWHI027,24.511,7.68,8.38,5.404
2023-09-19,12:30:47,LWHI027,23.155,6.09,8.05,6.192
2023-09-19,12:30:48,LWHI027,22.243,5.86,8.03,6.368
2023-09-19,12:30:49,LWHI027,21.391,5.25,7.99,6.516
2023-09-19,12:30:50,LWHI027,20.606,4.87,7.86,6.63
2023-09-19,12:30:52,LWHI027,19.811,4.37,7.81,6.844
2023-09-19,12:30:53,LWHI027,18.265,4.31,7.82,6.928
2023-09-19,12:30:57,LWHI027,17.298,3.45,7.78,7.126
2023-09-19,12:31:00,LWHI027,16.987,2.67,7.76,7.217
2023-09-19,12:31:01,LWHI027,15.542,2.46,7.76,7.25
2023-09-19,12:31:04,LWHI027,14.597,2.46,7.74,7.971
2023-09-19,12:31:12,LWHI027,13.854,1.64,7.6,8.098
2023-09-19,12:31:13,LWHI027,12.644,1.6,7.59,8.178
2023-09-19,12:31:15,LWHI027,12.243,1.58,7.59,9.115
2023-09-19,12:31:28,LWHI027,11.572,1.13,7.5,10.498
2023-09-19,12:31:30,LWHI027,11.422,1.06,7.49,11.225
2023-09-19,12:31:41,LWHI027,10.644,0.76,7.47,12.259
2023-09-19,12:35:41,LWHI027,24.612,7.62,8.45,0.682
2023-09-19,12:36:29,LWHI027,24.643,7.69,8.44,1.611
2023-09-19,12:36:50,LWHI027,24.562,7.7,8.42,2.61
2023-09-19,12:36:55,LWHI027,24.553,7.7,8.42,3.759
2023-09-19,12:37:00,LWHI027,24.509,7.64,8.39,4.63
2023-09-19,12:37:09,LWHI027,24.374,6.69,8.18,5.393
2023-09-19,12:37:10,LWHI027,24.346,6.41,8.16,6.238
2023-09-19,12:37:12,LWHI027,23.111,5.26,8.13,6.625
2023-09-19,12:37:13,LWHI027,22.456,5.05,8.02,6.72
2023-09-19,12:37:14,LWHI027,21.912,4.62,7.99,6.775
2023-09-19,12:37:16,LWHI027,20.931,4.05,7.93,6.972
2023-09-19,12:37:18,LWHI027,20.331,3.74,7.9,7.123
2023-09-19,12:37:19,LWHI027,18.584,3.37,7.89,7.194
2023-09-19,12:37:20,LWHI027,17.875,3.22,7.87,7.247
2023-09-19,12:37:24,LWHI027,16.89,2.53,7.82,7.374
2023-09-19,12:37:26,LWHI027,15.138,2.34,7.81,7.439
2023-09-19,12:37:27,LWHI027,14.486,2.3,7.71,7.478
2023-09-19,12:37:31,LWHI027,13.54,2.07,7.65,8.638
2023-09-19,12:37:38,LWHI027,12.536,1.41,7.61,9.28
2023-09-19,12:37:41,LWHI027,11.243,1.32,7.58,10.25
2023-09-19,12:37:55,LWHI027,10.668,0.97,7.52,11.21
2023-09-19,12:38:54,LWHI027,10.244,0.32,7.51,12.023
2023-09-19,11:11:04,LWHI028,24.772,7.89,8.48,1.117
2023-09-19,11:11:27,LWHI028,24.759,7.89,8.47,2.089
2023-09-19,11:11:39,LWHI028,24.71,7.87,8.46,3.037
2023-09-19,11:11:40,LWHI028,24.707,7.87,8.46,4.029
2023-09-19,11:11:48,LWHI028,24.675,7.86,8.47,4.946
2023-09-19,11:11:50,LWHI028,24.656,7.84,8.47,6.142
2023-09-19,11:11:57,LWHI028,23.215,6.35,8.09,6.942
2023-09-19,11:11:58,LWHI028,22.221,6.07,8.03,7.053
2023-09-19,11:11:59,LWHI028,21.169,5.77,8,8.055
2023-09-19,11:12:00,LWHI028,20.443,5.78,7.98,8.241
2023-09-19,11:12:02,LWHI028,19.578,4.87,7.95,8.514
2023-09-19,11:12:03,LWHI028,18.074,4.52,7.93,8.682
2023-09-19,11:12:04,LWHI028,17.505,4.58,7.92,8.818
2023-09-19,11:12:10,LWHI028,16.52,3.31,7.76,9.142
2023-09-19,11:12:11,LWHI028,16.295,3.21,7.75,9.982
2023-09-19,11:12:12,LWHI028,14.999,2.81,7.75,10.112
2023-09-19,11:12:18,LWHI028,13.974,2.35,7.69,10.726
2023-09-19,11:12:22,LWHI028,13.592,1.73,7.65,11.838
2023-09-19,11:12:25,LWHI028,12.259,1.59,7.63,12.157
2023-09-19,11:12:35,LWHI028,11.483,1.38,7.49,13.621
2023-09-19,11:12:48,LWHI028,10.863,0.9,7.44,14.68
2023-09-19,11:12:52,LWHI028,10.745,0.8,7.44,15.677
2023-09-19,11:13:03,LWHI028,10.421,0.61,7.41,16.646
2023-09-19,11:13:23,LWHI028,10.267,0.44,7.39,17.699
2023-09-19,11:13:36,LWHI028,10.166,0.36,7.4,17.803
2023-10-02,11:12:39,LARK012A,25.383,11,9.29,0.415
2023-10-02,11:13:04,LARK012A,25.267,9.03,8.91,1.001
2023-10-02,11:13:17,LARK012A,24.929,5.14,8.12,2.083
2023-10-02,11:13:32,LARK012A,24.491,1.69,7.8,3.014
2023-10-02,11:13:46,LARK012A,23.811,0.86,7.65,4.033
2023-10-02,11:13:59,LARK012A,22.92,0.62,7.48,5.097
2023-10-02,11:14:18,LARK012A,21.885,0.54,7.41,5.631
2023-10-02,11:14:26,LARK012A,21.326,0.49,7.36,6.02
2023-10-02,11:14:32,LARK012A,20.239,0.43,7.18,6.959
2023-10-02,11:14:37,LARK012A,19.289,0.42,7.15,7.282
2023-10-02,11:14:45,LARK012A,18.266,0.44,7.13,7.328
2023-10-02,11:14:53,LARK012A,17.642,0.42,7.08,8.032
2023-10-02,11:15:14,LARK012A,16.667,0.38,7.03,8.673
2023-10-02,14:46:41,LARK014A,26.074,13.44,9.11,0.373
2023-10-02,14:46:54,LARK014A,25.836,13.29,9.08,1.028
2023-10-02,14:47:36,LARK014A,25.374,12.27,8.8,2.007
2023-10-02,14:47:50,LARK014A,24.753,6.62,7.96,3.021
2023-10-02,14:48:13,LARK014A,23.946,1.43,7.55,4.023
2023-10-02,14:48:33,LARK014A,23.21,0.75,7.42,5.08
2023-10-02,14:48:49,LARK014A,22.181,0.58,7.24,6.013
2023-10-02,14:49:08,LARK014A,21.126,0.49,7.15,6.806
2023-10-02,14:49:11,LARK014A,20.865,0.47,7.12,7.067
2023-10-02,14:49:16,LARK014A,19.909,0.46,7.09,7.281
2023-10-02,14:49:35,LARK014A,18.963,0.43,7.09,7.705
2023-10-02,14:49:39,LARK014A,18.527,0.41,7.08,8.081
2023-10-02,14:49:53,LARK014A,17.505,0.39,7.08,8.884
2023-10-02,14:50:01,LARK014A,17.323,0.38,7.09,9.011
2023-10-02,14:50:19,LARK014A,16.817,0.37,7.08,9.481
2023-10-03,09:23:41,LARK038,23.576,11.28,8.05,0.448
2023-10-03,09:24:56,LARK038,23.567,11.27,8.02,1.066
2023-10-03,09:25:02,LARK038,23.531,11.15,7.99,1.531
2023-10-03,09:25:37,LARK038,23.469,10.71,7.94,2.056
2023-10-02,13:11:41,LARK039,25.636,9.47,9.05,0.351
2023-10-02,13:11:53,LARK039,25.586,9.81,9.06,1.032
2023-10-02,13:12:03,LARK039,24.512,8.02,8.26,2.039
2023-10-02,13:12:18,LARK039,23.791,3.69,7.64,3.044
2023-10-02,13:12:38,LARK039,23.04,1.07,7.22,4.053
2023-10-02,13:12:44,LARK039,22.741,0.82,7.15,4.254
2023-10-03,10:34:02,LNEO001A,24.225,11.18,8.74,0.528
2023-10-03,10:34:24,LNEO001A,24.226,11.2,8.72,1.009
2023-10-03,10:34:39,LNEO001A,24.213,11.17,8.72,2.043
2023-10-03,10:35:04,LNEO001A,23.785,9.71,8.38,3.039
2023-10-03,10:35:19,LNEO001A,22.895,3.26,7.74,4.123
2023-10-03,10:35:30,LNEO001A,22.276,1.48,7.55,5.037
2023-10-03,10:35:39,LNEO001A,21.312,0.96,7.29,6.042
2023-10-03,10:35:47,LNEO001A,20.446,0.77,7.03,6.565
2023-10-03,10:35:50,LNEO001A,19.431,0.7,6.94,7.014
2023-10-03,10:35:53,LNEO001A,18.436,0.67,6.9,7.589
2023-10-03,10:35:57,LNEO001A,17.42,0.63,6.89,8.172
2023-10-03,10:36:07,LNEO001A,16.426,0.58,6.85,8.643
2023-10-03,10:36:16,LNEO001A,15.808,0.53,6.82,9.146
2023-10-31,10:54:12,LOUA005A,19.746,6.88,6.59,1.158
2023-10-31,10:54:27,LOUA005A,19.749,6.87,6.53,2.052
2023-10-31,10:54:37,LOUA005A,19.75,6.85,6.53,3.062
2023-10-31,10:54:49,LOUA005A,19.75,6.81,6.52,4.002
2023-10-31,10:55:02,LOUA005A,19.751,6.8,6.46,5.038
2023-10-31,10:55:25,LOUA005A,19.757,6.69,6.3,5.911
2023-10-31,08:42:39,LOUA026A,18.774,6.7,6.43,0.658
2023-10-31,08:43:00,LOUA026A,18.772,6.67,6.39,1.035
2023-10-31,08:43:14,LOUA026A,18.765,6.67,6.35,2.053
2023-10-31,08:43:36,LOUA026A,18.463,6.57,6.3,3.05
2023-10-30,12:32:59,LRED001A,20.294,6.6,6.78,0.483
2023-10-30,12:33:33,LRED001A,20.275,6.64,6.77,1.001
2023-10-30,12:33:43,LRED001A,20.283,6.61,6.75,2.09
2023-10-30,12:33:51,LRED001A,20.287,6.56,6.75,3.03
2023-10-30,12:34:00,LRED001A,20.279,6.53,6.73,4.103
2023-10-30,12:34:16,LRED001A,20.27,6.46,6.73,5.064
2023-10-30,12:34:41,LRED001A,20.263,6.42,6.72,5.911
2023-10-30,15:48:53,LRED002A,20.626,7.52,6.62,1.077
2023-10-30,15:49:17,LRED002A,20.619,7.55,6.58,2.042
2023-10-30,15:49:37,LRED002A,20.629,7.53,6.58,3.11
2023-10-30,15:49:49,LRED002A,20.629,7.53,6.55,4.014
2023-10-30,15:50:13,LRED002A,20.633,7.5,6.55,5.033
2023-10-30,15:50:45,LRED002A,20.625,7.47,6.55,6.007
2023-10-30,15:50:59,LRED002A,20.642,6.51,6.44,6.525
2023-10-30,16:25:13,LRED002B,20.366,8.17,6.71,0.575
2023-10-30,16:25:34,LRED002B,20.362,8.17,6.72,1.02
2023-10-30,16:25:56,LRED002B,20.37,8.16,6.71,2.004
2023-10-30,16:27:02,LRED002B,20.389,7.78,6.62,2.818
2023-10-30,10:47:13,LRED004A,19.598,4.61,6.4,0.593
2023-10-30,10:47:37,LRED004A,19.601,4.59,6.39,1.062
2023-10-30,10:47:51,LRED004A,19.602,4.58,6.38,1.522
2023-10-30,10:48:06,LRED004A,19.604,4.58,6.36,1.866
2023-11-07,14:36:44,LWHI005A,16.517,10.33,8.13,0.53
2023-11-07,14:36:59,LWHI005A,16.492,10.32,8.11,1.017
2023-11-07,14:37:11,LWHI005A,16.438,10.33,8.02,2.031
2023-11-07,14:37:27,LWHI005A,16.304,10.3,8.23,3.052
2023-11-07,14:38:13,LWHI005A,15.223,9.56,7.99,3.885
2023-11-28,15:00:40,LWHI023,10.64,10.23,8.4,0.105
2023-11-28,15:01:07,LWHI023,10.501,10.2,8.38,1.026
2023-11-28,15:01:30,LWHI023,10.326,10.06,8.37,2.012
2023-11-28,15:01:48,LWHI023,10.242,10.02,8.37,3.002
2023-11-28,15:02:04,LWHI023,10.192,9.99,8.36,4.05
2023-11-28,13:50:02,LWHI027,11.506,9.03,7.91,0.129
2023-11-28,13:50:14,LWHI027,11.458,9,7.91,1.027
2023-11-28,13:50:44,LWHI027,11.314,8.95,7.9,2.025
2023-11-28,13:50:57,LWHI027,11.287,8.93,7.9,3.024
2023-11-28,13:51:14,LWHI027,11.251,8.9,7.89,4.053
2023-11-28,13:51:28,LWHI027,11.232,8.87,7.88,5.013
2023-11-28,13:51:47,LWHI027,11.205,8.85,7.88,6.009
2023-11-28,13:52:04,LWHI027,11.181,8.84,7.88,7.004
2023-11-28,13:52:24,LWHI027,11.108,8.77,7.85,8.02
2023-11-28,13:52:45,LWHI027,11.088,8.63,7.84,9.035
2023-11-28,13:53:07,LWHI027,11.043,8.71,7.86,10.004
2023-11-28,13:53:38,LWHI027,10.982,8.78,7.86,11.007
2023-11-28,13:54:01,LWHI027,10.959,8.73,7.84,12.007
2023-11-28,13:54:53,LWHI027,10.668,4.23,7.38,13.052
2023-11-28,12:22:44,LWHI028,11.987,7.46,7.73,0.121
2023-11-28,12:22:55,LWHI028,11.97,7.41,7.69,1.067
2023-11-28,12:23:14,LWHI028,11.851,7.39,7.68,2.002
2023-11-28,12:23:36,LWHI028,11.822,7.37,7.68,3.015
2023-11-28,12:24:04,LWHI028,11.807,7.33,7.67,4.022
2023-11-28,12:24:30,LWHI028,11.799,7.32,7.66,5.045
2023-11-28,12:24:49,LWHI028,11.796,7.32,7.65,6.055
2023-11-28,12:25:09,LWHI028,11.794,7.32,7.65,7.006
2023-11-28,12:25:38,LWHI028,11.786,7.32,7.65,8.02
2023-11-28,12:26:02,LWHI028,11.78,7.3,7.64,9.014
2023-11-28,12:26:23,LWHI028,11.771,7.3,7.64,10.004
2023-11-28,12:26:46,LWHI028,11.751,7.31,7.64,11.009
2023-11-28,12:27:09,LWHI028,11.727,7.35,7.64,12.027
2023-11-28,12:27:33,LWHI028,11.659,7.16,7.62,13.018
2023-11-28,12:27:56,LWHI028,11.635,7,7.6,14.047
2023-11-28,12:28:21,LWHI028,11.436,6.67,7.5,15.028
2023-11-28,12:28:46,LWHI028,10.581,3.19,7.19,16.002
2023-11-28,12:29:06,LWHI028,10.168,1.45,7.1,17.001
2023-11-28,12:29:34,LWHI028,10.063,0.78,7.17,18.005
2023-11-28,12:29:58,LWHI028,9.908,0.61,7.17,19.013
2023-11-28,12:30:35,LWHI028,9.682,0.49,7.16,20.01
2023-11-28,12:31:09,LWHI028,9.616,0.44,7.1,21.041
2024-01-29,11:21:16,LARK012A,4.538,12.45,7.94,0.524
2024-01-29,11:21:37,LARK012A,4.514,12.45,7.92,1.03
2024-01-29,11:22:15,LARK012A,4.376,12.43,7.95,2.075
2024-01-29,11:22:36,LARK012A,4.369,12.4,8.02,3.039
2024-01-29,11:22:42,LARK012A,4.312,12.36,8.09,4.174
2024-01-29,11:22:51,LARK012A,4.257,12.36,8.28,5.067
2024-01-29,11:22:58,LARK012A,4.247,12.37,8.4,6.079
2024-01-29,11:23:06,LARK012A,4.36,12.29,8.39,7.263
2024-01-29,11:23:14,LARK012A,4.545,11.57,8.26,8.066
2024-01-29,15:02:27,LARK014A,4.034,13.5,8.29,0.267
2024-01-29,15:02:55,LARK014A,4.015,13.51,8.28,1.146
2024-01-29,15:03:30,LARK014A,3.974,13.53,8.29,2.152
2024-01-29,15:03:38,LARK014A,3.931,13.53,8.29,3.057
2024-01-29,15:03:46,LARK014A,3.907,13.54,8.29,4.093
2024-01-29,15:03:58,LARK014A,3.894,13.54,8.29,5.049
2024-01-29,15:04:06,LARK014A,3.896,13.54,8.29,6.153
2024-01-29,15:04:13,LARK014A,3.9,13.54,8.29,7.084
2024-01-29,15:04:18,LARK014A,3.894,13.53,8.29,8.022
2024-01-29,15:04:46,LARK014A,3.871,13.5,8.28,8.6
2024-03-19,14:05:10,LARK026A,16.508,9.32,7.67,0.395
2024-03-19,14:05:22,LARK026A,16.568,9.34,7.67,0.54
2024-03-19,14:05:28,LARK026A,16.524,9.32,7.68,1.033
2024-03-19,14:05:39,LARK026A,16.455,9.3,7.67,1.552
2024-03-19,14:05:54,LARK026A,16.392,9.25,7.66,2.001
2024-01-30,08:36:55,LARK038,7.016,14.21,8.44,0.79
2024-01-30,08:37:06,LARK038,7.021,14.2,8.44,1.134
2024-01-30,08:37:21,LARK038,6.995,14.21,8.43,2.056
2024-01-30,08:37:43,LARK038,6.732,14.32,8.46,2.81
2024-01-29,13:04:41,LARK039,4.58,10.26,7.39,0.143
2024-01-29,13:05:22,LARK039,4.573,10.26,7.36,1.048
2024-01-29,13:05:49,LARK039,4.528,10.28,7.34,2.091
2024-01-29,13:06:18,LARK039,4.466,10.26,7.31,3.061
2024-01-29,13:06:24,LARK039,4.43,10.23,7.29,4.116
2024-01-30,09:40:02,LNEO001A,5.468,13.57,8.59,0.776
2024-01-30,09:40:07,LNEO001A,5.464,13.57,8.59,1.109
2024-01-30,09:40:13,LNEO001A,5.456,13.58,8.58,2.089
2024-01-30,09:40:57,LNEO001A,5.322,13.52,8.57,3.023
2024-01-30,09:41:18,LNEO001A,5.316,13.51,8.57,4.061
2024-01-30,09:41:24,LNEO001A,5.299,13.49,8.56,5
2024-01-30,09:41:32,LNEO001A,5.281,13.48,8.55,6.01
2024-01-30,09:41:39,LNEO001A,5.278,13.47,8.55,7.078
2024-01-30,09:41:47,LNEO001A,5.273,13.46,8.52,8.091
2024-01-30,09:41:54,LNEO001A,5.271,13.43,8.48,9.181
2024-01-30,09:42:15,LNEO001A,5.251,13.34,8.4,10.034
2024-03-18,09:51:20,LOUA004A,16.396,9.2,7.36,0.383
2024-03-18,09:51:50,LOUA004A,16.398,9.21,7.35,0.533
2024-03-18,09:52:00,LOUA004A,16.401,9.2,7.34,1.006
2024-03-18,09:52:19,LOUA004A,16.402,9.18,7.32,1.533
2024-02-06,11:43:43,LOUA005A,10.878,12.37,6.95,0.146
2024-02-06,11:43:53,LOUA005A,10.434,12.12,6.94,1.043
2024-02-06,11:44:15,LOUA005A,9.723,11.95,6.89,2.063
2024-02-06,11:44:30,LOUA005A,9.525,11.77,6.86,3.016
2024-02-06,11:44:45,LOUA005A,8.6,11.36,6.8,4
2024-02-06,11:44:59,LOUA005A,7.762,10.61,6.74,5.049
2024-02-06,11:45:15,LOUA005A,7.319,10.01,6.67,6.029
2024-02-06,11:45:54,LOUA005A,7.311,8.58,6.54,6.607
2024-03-19,08:59:32,LOUA006A,16.895,9.12,7.83,0.303
2024-03-19,09:00:18,LOUA006A,16.9,9.12,7.83,0.528
2024-03-19,09:00:36,LOUA006A,16.898,9.12,7.83,1.013
2024-03-19,09:01:16,LOUA006A,16.901,9.13,7.83,1.504
2024-03-19,09:01:36,LOUA006A,16.902,9.13,7.81,2.014
2024-03-18,16:16:57,LOUA007A,17.551,8.85,7.11,0.301
2024-03-18,16:17:55,LOUA007A,17.553,8.85,7.1,1.025
2024-03-18,16:18:30,LOUA007A,17.555,8.83,7.09,2.051
2024-03-18,16:18:57,LOUA007A,17.554,8.83,7.09,3.023
2024-03-18,16:19:30,LOUA007A,17.556,8.81,7.1,3.452
2024-03-18,14:30:20,LOUA008A,18.206,10.23,7.69,0.3
2024-03-18,14:30:53,LOUA008A,17.978,10.19,7.67,1.031
2024-03-18,14:31:23,LOUA008A,17.173,10.28,7.63,2.119
2024-03-18,14:31:45,LOUA008A,16.16,9.9,7.61,2.673
2024-03-18,14:31:49,LOUA008A,15.075,9.33,7.58,2.797
2024-03-18,14:31:53,LOUA008A,14.108,8.16,7.54,2.893
2024-03-18,14:32:02,LOUA008A,13.045,5.76,7.32,3.21
2024-03-18,14:32:16,LOUA008A,12.044,3.6,7.1,3.289
2024-03-18,14:34:21,LOUA008A,11.037,0.51,6.49,3.521
2024-03-18,14:43:36,LOUA008A,17.882,7.42,6.49,0.402
2024-03-18,14:44:01,LOUA008A,17.927,9.08,6.68,1.014
2024-03-18,14:44:50,LOUA008A,17.189,9.82,6.89,2.024
2024-03-18,14:45:18,LOUA008A,16.184,9.27,6.94,2.715
2024-03-18,14:45:22,LOUA008A,15.13,8.3,6.92,2.893
2024-03-18,14:45:26,LOUA008A,14.235,7.08,6.89,3.04
2024-03-18,14:45:30,LOUA008A,13.149,6.32,6.81,3.163
2024-03-18,14:45:42,LOUA008A,12.127,3.8,6.62,3.432
2024-03-18,14:46:08,LOUA008A,10.774,1.7,6.4,3.822
2024-03-18,12:38:34,LOUA010A,17.166,4.94,6.87,0.316
2024-03-18,12:38:39,LOUA010A,17.139,4.93,6.86,0.513
2024-03-18,12:39:05,LOUA010A,16.874,4.81,6.83,1
2024-03-18,12:39:34,LOUA010A,16.47,4.59,6.79,1.545
2024-03-18,12:40:05,LOUA010A,16.17,4.08,6.77,2.032
2024-03-18,12:40:36,LOUA010A,16.115,3.69,6.75,2.403
2024-02-06,10:41:57,LOUA012A,10.946,8.82,6.05,0.107
2024-02-06,10:42:07,LOUA012A,10.587,8.75,6.02,1.051
2024-02-06,10:42:28,LOUA012A,10.336,8.77,6,2.052
2024-02-06,10:42:46,LOUA012A,10.222,8.71,6,3.057
2024-02-06,10:43:07,LOUA012A,9.123,8.4,6,4.042
2024-02-06,10:43:32,LOUA012A,7.923,7.89,5.98,5
2024-03-19,11:32:52,LOUA015A,15.826,7.1,6.49,0.266
2024-03-19,11:33:07,LOUA015A,15.815,7.09,6.48,0.524
2024-03-19,11:33:35,LOUA015A,15.751,7.21,6.49,0.926
2024-02-05,12:49:17,LRED001A,10.778,8.43,6.13,0.101
2024-02-05,12:49:31,LRED001A,10.77,8.43,6.13,1.029
2024-02-05,12:49:54,LRED001A,10.75,8.44,6.07,2.059
2024-02-05,12:50:14,LRED001A,10.7,8.45,6.06,3.054
2024-02-05,12:50:40,LRED001A,10.701,8.45,6.03,4.058
2024-02-05,12:51:05,LRED001A,10.648,8.41,6,5.022
2024-02-05,12:51:38,LRED001A,10.649,8.39,5.95,6.002
2024-02-05,12:51:58,LRED001A,10.599,8.31,5.93,7.032
2024-02-05,12:52:17,LRED001A,10.568,8.29,5.91,8.017
2024-02-05,14:10:32,LRED001B,12.097,7.65,5.98,0.175
2024-02-05,14:10:51,LRED001B,12.083,7.64,6,1.018
2024-02-05,14:11:14,LRED001B,11.992,7.63,5.99,2.038
2024-02-05,14:11:30,LRED001B,11.891,7.57,5.98,3.019
2024-02-05,14:12:04,LRED001B,11.686,7.31,5.97,4.001
2024-02-05,15:57:41,LRED002A,10.609,11.25,6.64,0.101
2024-02-05,15:57:53,LRED002A,10.563,11.24,6.63,1.042
2024-02-05,15:58:09,LRED002A,10.464,11.21,6.63,2.008
2024-02-05,15:58:24,LRED002A,10.224,11.2,6.62,3.036
2024-02-05,15:58:44,LRED002A,10.064,11.15,6.6,4.104
2024-02-13,13:21:03,LWHI005A,12.569,11.05,7.76,0.141
2024-02-13,13:21:20,LWHI005A,10.97,11.11,7.8,1.024
2024-02-13,13:21:34,LWHI005A,10.381,11.05,7.75,2.01
2024-02-13,13:21:40,LWHI005A,10.23,10.96,7.7,3.319
2024-02-13,13:21:51,LWHI005A,10.073,10.7,7.7,4.041
2024-02-13,13:22:06,LWHI005A,10.022,10.5,7.76,4.765
2024-02-27,13:33:28,LWHI023,13.908,11.43,8.32,0.147
2024-02-27,13:33:34,LWHI023,13.834,11.39,8.33,1.047
2024-02-27,13:33:53,LWHI023,13.819,11.15,8.3,2.019
2024-02-27,13:34:15,LWHI023,13.558,11.16,8.29,3.041
2024-02-27,13:34:36,LWHI023,10.157,10.84,8.19,4.019
2024-02-27,13:34:46,LWHI023,9.123,10.88,8.13,4.235
2024-02-27,13:34:57,LWHI023,8.158,10.35,8.03,4.784
2024-02-27,13:35:01,LWHI023,7.793,9.94,7.98,5.037
2024-02-27,13:35:38,LWHI023,7.63,7.01,7.79,5.205
2024-02-27,12:21:10,LWHI027,11.846,10.64,8.51,0.109
2024-02-27,12:21:18,LWHI027,11.317,11.41,8.51,1.045
2024-02-27,12:21:31,LWHI027,10.206,11.8,8.5,1.908
2024-02-27,12:21:33,LWHI027,9.661,11.87,8.49,2.012
2024-02-27,12:21:48,LWHI027,8.523,12.4,8.36,3.089
2024-02-27,12:22:00,LWHI027,8.246,12.43,8.27,4.044
2024-02-27,12:22:14,LWHI027,8.085,12.34,8.19,5.066
2024-02-27,12:22:28,LWHI027,7.939,12.2,8.15,6.052
2024-02-27,12:22:44,LWHI027,7.685,12.07,8.12,7.002
2024-02-27,12:23:01,LWHI027,7.48,11.89,8.04,8.014
2024-02-27,12:23:17,LWHI027,7.359,11.79,8,9.047
2024-02-27,12:23:36,LWHI027,7.279,11.67,7.99,10.039
2024-02-27,12:23:49,LWHI027,7.273,11.57,7.97,11.085
2024-02-27,12:24:02,LWHI027,7.243,11.49,7.97,12.007
2024-02-27,12:24:37,LWHI027,7.208,10.87,7.88,13.126
2024-02-27,10:59:44,LWHI028,9.019,11.76,7.86,0.144
2024-02-27,10:59:58,LWHI028,8.987,11.73,7.87,1.037
2024-02-27,11:00:08,LWHI028,8.788,11.76,7.9,2.064
2024-02-27,11:00:16,LWHI028,8.383,11.69,7.92,3.086
2024-02-27,11:00:29,LWHI028,7.798,11.61,7.92,4.02
2024-02-27,11:00:47,LWHI028,7.547,11.54,7.95,5.071
2024-02-27,11:01:05,LWHI028,7.402,11.46,7.95,6.026
2024-02-27,11:01:24,LWHI028,7.139,11.34,7.93,7.02
2024-02-27,11:02:16,LWHI028,7.04,11.23,7.82,8.067
2024-02-27,11:02:24,LWHI028,6.955,11.19,7.84,9.078
2024-02-27,11:02:35,LWHI028,6.913,11.12,7.85,10.096
2024-02-27,11:02:43,LWHI028,6.879,11.08,7.86,11.016
2024-02-27,11:02:59,LWHI028,6.831,11.01,7.82,12.054
2024-02-27,11:03:17,LWHI028,6.828,10.95,7.79,13.068
2024-02-27,11:03:35,LWHI028,6.785,10.92,7.77,14.046
2024-02-27,11:03:55,LWHI028,6.758,10.88,7.75,15.01
2024-02-27,11:04:15,LWHI028,6.733,10.84,7.74,16.113
2024-02-27,11:04:26,LWHI028,6.723,10.83,7.75,17.023
2024-02-27,11:04:46,LWHI028,6.665,10.8,7.73,18.001
2024-02-27,11:05:13,LWHI028,6.606,10.73,7.71,19.031
2024-02-27,11:06:08,LWHI028,6.555,10.42,7.67,19.864
2024-04-01,12:28:06,LARK012A,16.021,10.11,8.37,0.106
2024-04-01,12:28:24,LARK012A,15.93,10.12,8.36,1.029
2024-04-01,12:28:48,LARK012A,15.866,10.14,8.34,2.022
2024-04-01,12:29:08,LARK012A,15.794,10.15,8.35,3.021
2024-04-01,12:29:21,LARK012A,14.648,9.76,8.3,3.615
2024-04-01,12:29:30,LARK012A,14.052,9.28,8.2,4.03
2024-04-01,12:29:54,LARK012A,13.713,8.53,8.03,5
2024-04-01,12:30:13,LARK012A,13.685,8,7.99,6
2024-04-01,12:30:36,LARK012A,12.834,7.2,7.94,7.023
2024-04-01,12:30:57,LARK012A,12.274,5.52,7.87,8.026
2024-04-01,12:31:54,LARK012A,12.15,2.85,7.66,8.25
2024-04-01,15:29:19,LARK014A,16.225,10.25,8.36,0.171
2024-04-01,15:29:29,LARK014A,16.194,10.25,8.36,1.017
2024-04-01,15:29:44,LARK014A,15.994,10.21,8.35,2.052
2024-04-01,15:29:59,LARK014A,15.666,10.11,8.33,3.005
2024-04-01,15:30:12,LARK014A,14.665,10.21,8.29,3.833
2024-04-01,15:30:15,LARK014A,14.517,10.18,8.28,4.006
2024-04-01,15:30:29,LARK014A,13.532,9.72,8.19,4.898
2024-04-01,15:30:32,LARK014A,13.31,9.57,8.16,5.092
2024-04-01,15:30:42,LARK014A,12.616,9.2,8.05,6.053
2024-04-01,15:30:53,LARK014A,12.344,8.69,7.96,7.003
2024-04-01,15:31:07,LARK014A,12.067,8.15,7.91,8.006
2024-04-01,15:31:32,LARK014A,11.504,6.24,7.71,8.41
2024-06-11,12:57:16,LARK026A,28.552,8.29,8.84,1.004
2024-06-11,12:57:24,LARK026A,28.341,7.61,8.55,1.542
2024-06-11,12:57:58,LARK026A,28.036,6.05,8.1,2.061
2024-04-02,09:41:25,LARK038,14.343,11.36,8.69,0.155
2024-04-02,09:41:27,LARK038,15.416,10.98,8.67,0.244
2024-04-02,09:41:29,LARK038,16.036,10.83,8.67,0.512
2024-04-02,09:41:32,LARK038,16.518,10.76,8.66,1.054
2024-04-02,09:41:40,LARK038,16.877,10.89,8.66,1.508
2024-04-02,09:41:48,LARK038,16.525,10.81,8.6,2.045
2024-04-02,09:41:53,LARK038,15.507,10.82,8.45,2.454
2024-04-02,09:42:16,LARK038,14.575,10.35,8.27,2.675
2024-04-01,13:45:05,LARK039,16.776,10.99,8.63,0.175
2024-04-01,13:45:24,LARK039,16.706,10.98,8.62,1.001
2024-04-01,13:45:45,LARK039,16.632,10.92,8.57,2.014
2024-04-01,13:45:56,LARK039,16.233,10.69,8.42,3.001
2024-04-01,13:46:11,LARK039,15.168,10.04,8.25,4.061
2024-04-01,13:46:24,LARK039,14.068,9.03,8.13,4.817
2024-04-01,13:46:27,LARK039,13.531,8.86,8.1,5.015
2024-04-01,13:46:49,LARK039,12.529,7.47,7.97,5.887
2024-04-01,13:47:14,LARK039,12.291,6.68,7.85,5.993
2024-04-02,11:04:14,LNEO001A,14.883,12.84,8.86,0.101
2024-04-02,11:04:29,LNEO001A,14.967,13.51,8.85,1.054
2024-04-02,11:04:58,LNEO001A,14.777,13.77,8.84,2.002
2024-04-02,11:05:41,LNEO001A,14.531,13.88,8.85,3.022
2024-04-02,11:06:23,LNEO001A,14.41,13.75,8.84,4.006
2024-04-02,11:06:58,LNEO001A,13.771,12.68,8.66,5.002
2024-04-02,11:07:33,LNEO001A,13.442,11.82,8.54,6.016
2024-04-02,11:08:03,LNEO001A,13.157,10.91,8.42,7.028
2024-04-02,11:08:21,LNEO001A,12.739,9.4,8.19,8.026
2024-04-02,11:08:39,LNEO001A,12.545,7.34,8.05,9.036
2024-04-02,11:09:10,LNEO001A,12.45,5.57,7.73,9.51
2024-06-10,10:08:32,LOUA004A,28.402,6.93,7,0.097
2024-06-10,10:08:53,LOUA004A,28.327,6.95,7.03,1.034
2024-06-10,10:09:33,LOUA004A,27.332,4.11,6.96,1.858
2024-06-10,10:09:40,LOUA004A,27.018,3.01,6.9,2.003
2024-06-10,10:10:59,LOUA004A,26.018,0.36,6.55,2.833
2024-06-10,10:11:03,LOUA004A,25.955,0.28,6.54,3.015
2024-06-10,10:11:35,LOUA004A,25.725,0.11,6.48,4.038
2024-06-10,10:11:51,LOUA004A,25.609,0.07,6.45,4.482
2024-04-16,11:20:56,LOUA005A,21.465,8.97,6.53,0.133
2024-04-16,11:21:08,LOUA005A,21.468,8.98,6.53,1.079
2024-04-16,11:21:24,LOUA005A,21.378,8.9,6.52,2.052
2024-04-16,11:21:57,LOUA005A,21.071,8.59,6.49,3.004
2024-04-16,11:22:20,LOUA005A,20.198,7.8,6.38,4.005
2024-04-16,11:22:35,LOUA005A,19.215,6.38,6.27,5.019
2024-04-16,11:22:49,LOUA005A,18.631,5.18,6.15,5.851
2024-06-11,08:56:25,LOUA006A,28.6,7.51,8.11,1.063
2024-06-11,08:56:37,LOUA006A,28.608,7.5,8.1,1.477
2024-06-11,08:56:47,LOUA006A,28.604,7.5,8.1,2.028
2024-06-11,08:57:06,LOUA006A,28.591,7.34,8.07,2.515
2024-06-11,08:57:15,LOUA006A,28.585,7.24,8.04,2.672
2024-06-10,15:02:48,LOUA007A,29.348,10.26,9.36,1.017
2024-06-10,15:03:21,LOUA007A,28.338,7.48,8.48,1.6
2024-06-10,15:04:00,LOUA007A,27.348,3.05,7.83,2.011
2024-06-10,15:04:31,LOUA007A,26.311,0.57,7.34,2.831
2024-06-10,15:04:35,LOUA007A,26.158,0.48,7.25,3.022
2024-06-10,15:04:53,LOUA007A,25.145,0.32,6.87,3.607
2024-06-10,15:05:03,LOUA007A,24.123,0.24,6.69,4.024
2024-06-10,14:01:14,LOUA008A,28.626,8.33,6.85,0.1
2024-06-10,14:01:38,LOUA008A,29.37,8.41,6.99,1.003
2024-06-10,14:02:04,LOUA008A,28.397,6.66,6.99,1.872
2024-06-10,14:02:16,LOUA008A,27.373,3.55,6.84,2.02
2024-06-10,14:02:25,LOUA008A,26.306,2.28,6.7,2.258
2024-06-10,14:02:31,LOUA008A,25.361,1.48,6.57,2.481
2024-06-10,14:02:35,LOUA008A,24.35,1.15,6.49,2.611
2024-06-10,14:02:40,LOUA008A,23.312,0.88,6.39,2.781
2024-06-10,14:02:45,LOUA008A,22.336,0.67,6.3,2.977
2024-06-10,14:02:46,LOUA008A,22.097,0.64,6.29,3.027
2024-06-10,14:02:49,LOUA008A,21.148,0.57,6.24,3.141
2024-06-10,14:02:52,LOUA008A,20.216,0.49,6.19,3.269
2024-06-10,14:02:58,LOUA008A,19.257,0.39,6.12,3.416
2024-06-10,14:03:03,LOUA008A,18.134,0.33,6.06,3.572
2024-06-10,14:03:12,LOUA008A,17.181,0.23,6.01,4.012
2024-06-10,14:03:16,LOUA008A,16.194,0.2,5.99,4.048
2024-06-10,12:25:47,LOUA010A,29.597,9.79,9.08,0.125
2024-06-10,12:25:59,LOUA010A,28.968,9.62,8.78,0.552
2024-06-10,12:26:37,LOUA010A,28.538,6.34,7.99,1.006
2024-06-10,12:27:00,LOUA010A,28.082,4.39,7.69,1.521
2024-06-10,12:27:15,LOUA010A,27.798,2.5,7.47,2.013
2024-06-10,12:27:26,LOUA010A,27.668,1.4,7.31,2.52
2024-06-10,12:27:34,LOUA010A,27.463,0.94,7.17,2.64
2024-04-16,10:13:50,LOUA012A,21.686,8.63,6.35,0.13
2024-04-16,10:14:13,LOUA012A,21.674,8.64,6.37,1.056
2024-04-16,10:14:32,LOUA012A,21.675,8.61,6.34,2.046
2024-04-16,10:14:47,LOUA012A,21.678,8.6,6.34,3.081
2024-04-16,10:15:07,LOUA012A,21.077,7.5,6.3,3.806
2024-04-16,09:09:12,LOUA026A,21.363,6.34,5.74,0.283
2024-04-16,09:09:24,LOUA026A,21.363,6.34,5.74,0.513
2024-04-16,09:09:36,LOUA026A,21.346,6.32,5.74,1.033
2024-04-16,09:09:41,LOUA026A,21.332,6.28,5.72,1.508
2024-04-16,09:09:53,LOUA026A,20.368,5.1,5.65,2.047
2024-04-16,09:10:11,LOUA026A,19.559,3.38,5.61,2.534
2024-04-15,13:47:32,LRED001A,20.141,7.47,6.61,0.407
2024-04-15,13:47:59,LRED001A,20.019,7.35,6.54,1.031
2024-04-15,13:48:14,LRED001A,19.9,7.17,6.51,2
2024-04-15,13:48:24,LRED001A,19.853,7.01,6.5,3.073
2024-04-15,13:48:37,LRED001A,19.568,6.63,6.55,4.144
2024-04-15,13:48:48,LRED001A,19.477,6.54,6.59,5.135
2024-04-15,13:48:54,LRED001A,19.151,6.26,6.62,6.03
2024-04-15,13:49:03,LRED001A,18.995,5.88,6.58,6.195
2024-04-15,15:18:05,LRED001B,20.602,6.41,6.33,0.324
2024-04-15,15:18:18,LRED001B,20.533,6.38,6.3,1.01
2024-04-15,15:18:42,LRED001B,20.173,6.1,6.29,2.061
2024-04-15,15:18:50,LRED001B,19.959,5.78,6.24,3.112
2024-04-15,15:19:21,LRED001B,19.53,4.52,6.18,4
2024-04-15,15:20:03,LRED001B,19.471,4.17,6.13,4.742
2024-04-15,17:43:55,LRED002A,20.549,8.44,6.63,0.122
2024-04-15,17:44:25,LRED002A,20.511,8.43,6.62,1.013
2024-04-15,17:44:53,LRED002A,20.445,8.37,6.63,2.007
2024-04-15,17:45:40,LRED002A,20.085,8.08,6.58,3.029
2024-04-15,17:46:09,LRED002A,19.074,7.26,6.51,4.016
2024-04-15,17:46:42,LRED002A,18.711,6.26,6.41,5.086
2024-04-15,17:47:02,LRED002A,18.556,6.13,6.34,6.027
2024-04-15,17:47:33,LRED002A,18.401,5.47,6.27,7.016
2024-04-15,17:48:03,LRED002A,18.367,5.29,6.35,7.138
2024-04-15,17:05:19,LRED002B,21.914,7.86,6.52,0.109
2024-04-15,17:05:41,LRED002B,21.852,7.89,6.49,0.504
2024-04-15,17:05:51,LRED002B,21.808,7.86,6.47,1.021
2024-04-15,17:06:01,LRED002B,21.627,7.89,6.47,1.501
2024-04-15,17:06:25,LRED002B,21.336,7.9,6.5,2.041
2024-04-15,17:06:39,LRED002B,21.302,7.82,6.49,2.506
2024-04-15,17:06:55,LRED002B,21.221,7.52,6.47,2.867
2024-04-15,11:28:37,LRED004A,20.876,4.75,6.21,0.205
2024-04-15,11:29:02,LRED004A,20.843,4.7,6.18,0.502
2024-04-15,11:29:27,LRED004A,20.635,4.53,6.17,1.013
2024-04-15,11:29:38,LRED004A,19.605,3.64,6.14,1.226
2024-04-15,11:29:57,LRED004A,18.855,2.3,6.08,1.515
2024-04-15,11:30:13,LRED004A,17.843,1.52,6.06,1.83
2024-04-15,11:30:20,LRED004A,17.534,1.26,6.04,1.855
2024-05-07,14:09:11,LWHI005A,24.286,8.18,7.68,0.819
2024-05-07,14:09:24,LWHI005A,24.276,8.2,7.67,1.05
2024-05-07,14:09:34,LWHI005A,24.176,8.1,7.67,2.057
2024-05-07,14:09:56,LWHI005A,23.135,7.56,7.61,2.828
2024-05-07,14:09:59,LWHI005A,22.527,7.19,7.59,3.032
2024-05-07,14:10:07,LWHI005A,21.522,5.77,7.52,3.771
2024-05-07,14:10:13,LWHI005A,21.253,5.11,7.47,3.963
2024-05-07,14:10:23,LWHI005A,20.781,4.41,7.4,4.207
2024-05-21,16:26:06,LWHI023,27.455,9.28,8.47,0.113
2024-05-21,16:26:25,LWHI023,27.46,9.28,8.48,1.023
2024-05-21,16:26:40,LWHI023,27.465,9.29,8.48,2.087
2024-05-21,16:26:50,LWHI023,26.853,8.9,8.45,3.054
2024-05-21,16:26:52,LWHI023,25.765,9.11,8.45,3.192
2024-05-21,16:26:55,LWHI023,24.501,9.4,8.4,3.557
2024-05-21,16:26:58,LWHI023,23.506,9.33,8.37,3.665
2024-05-21,16:27:01,LWHI023,22.477,9.21,8.35,3.987
2024-05-21,16:27:03,LWHI023,21.309,9.15,8.32,4.213
2024-05-21,16:27:06,LWHI023,20.316,9.32,8.3,4.245
2024-05-21,16:27:09,LWHI023,19.534,8.74,8.25,4.588
2024-05-21,16:27:11,LWHI023,18.604,8.27,8.22,4.817
2024-05-21,16:27:13,LWHI023,17.627,8.14,8.16,5.023
2024-05-21,16:27:22,LWHI023,16.623,6.34,8,5.238
2024-05-21,14:26:46,LWHI027,25.454,8.22,8.17,0.1
2024-05-21,14:27:14,LWHI027,25.19,8.26,8.17,1.005
2024-05-21,14:27:37,LWHI027,24.971,8.31,8.18,2.066
2024-05-21,14:27:53,LWHI027,24.528,8.39,8.22,3.035
2024-05-21,14:28:04,LWHI027,23.551,8.54,8.22,3.556
2024-05-21,14:28:16,LWHI027,22.744,8.55,8.2,4.065
2024-05-21,14:28:22,LWHI027,21.646,8.49,8.14,4.576
2024-05-21,14:28:29,LWHI027,20.56,8.4,8.1,4.875
2024-05-21,14:28:37,LWHI027,19.969,8.14,8.02,5.045
2024-05-21,14:28:59,LWHI027,18.956,7.73,7.89,5.6
2024-05-21,14:29:09,LWHI027,17.959,7.35,7.87,6.159
2024-05-21,14:29:13,LWHI027,16.722,7.18,7.86,6.426
2024-05-21,14:29:16,LWHI027,15.702,7.13,7.84,6.514
2024-05-21,14:29:20,LWHI027,14.836,6.32,7.81,6.909
2024-05-21,14:29:22,LWHI027,14.169,5.97,7.79,7.01
2024-05-21,14:29:26,LWHI027,13.15,5.4,7.75,7.232
2024-05-21,14:29:37,LWHI027,12.13,3.56,7.64,8.071
2024-05-21,14:29:52,LWHI027,11.118,1.96,7.54,8.839
2024-05-21,14:29:57,LWHI027,10.652,1.59,7.52,9.016
2024-05-21,14:30:12,LWHI027,9.69,0.91,7.44,9.721
2024-05-21,14:30:30,LWHI027,9.378,0.52,7.36,10.09
2024-05-21,14:30:50,LWHI027,8.972,0.31,7.32,11.081
2024-05-21,14:31:11,LWHI027,8.761,0.2,7.32,12.032
2024-05-21,14:31:29,LWHI027,8.609,0.12,7.31,13.069
2024-05-21,14:31:47,LWHI027,8.549,0.07,7.3,14.067
2024-05-21,14:32:06,LWHI027,8.531,0.04,7.31,14.506
2024-05-21,12:43:43,LWHI028,24.441,8.92,8.47,0.1
2024-05-21,12:43:59,LWHI028,24.362,8.9,8.46,1.081
2024-05-21,12:44:10,LWHI028,24.028,8.82,8.47,2.018
2024-05-21,12:44:14,LWHI028,23.142,8.83,8.46,2.814
2024-05-21,12:44:16,LWHI028,22.797,8.92,8.45,3.127
2024-05-21,12:44:24,LWHI028,21.912,8.83,8.39,4.026
2024-05-21,12:44:32,LWHI028,20.866,8.55,8.25,4.656
2024-05-21,12:44:40,LWHI028,19.866,8.13,8.14,5.059
2024-05-21,12:44:47,LWHI028,18.822,7.77,8.02,5.763
2024-05-21,12:44:50,LWHI028,18.302,7.61,7.98,6.086
2024-05-21,12:44:56,LWHI028,17.283,7.27,7.88,6.856
2024-05-21,12:44:59,LWHI028,16.973,7.06,7.85,7.025
2024-05-21,12:45:05,LWHI028,16.21,6.58,7.78,7.741
2024-05-21,12:45:08,LWHI028,15.686,6.13,7.75,8.022
2024-05-21,12:45:12,LWHI028,14.781,5.18,7.67,8.717
2024-05-21,12:45:15,LWHI028,13.717,4.64,7.64,9.027
2024-05-21,12:45:22,LWHI028,12.694,3.59,7.55,10.087
2024-05-21,12:45:27,LWHI028,11.873,3.14,7.51,11.058
2024-05-21,12:45:35,LWHI028,11.048,2.63,7.45,12.093
2024-05-21,12:45:44,LWHI028,10.518,2.62,7.4,13.082
2024-05-21,12:45:54,LWHI028,10.305,2.5,7.34,14.008
2024-05-21,12:46:04,LWHI028,10.006,2.03,7.27,15.041
2024-05-21,12:46:18,LWHI028,9.761,1.37,7.19,16.038
2024-05-21,12:46:24,LWHI028,9.574,1.18,7.17,17.033
2024-05-21,12:46:31,LWHI028,9.371,1.03,7.15,18.149
2024-05-21,12:46:47,LWHI028,9.133,0.86,7.1,19.035
2024-05-21,12:47:07,LWHI028,8.914,0.64,7.04,20.181
2024-05-21,12:47:13,LWHI028,8.746,0.45,7.01,21.192
2024-05-21,12:47:17,LWHI028,8.673,0.37,6.99,22.061
2024-05-21,12:47:27,LWHI028,8.539,0.24,6.94,23.023
2024-05-21,12:48:24,LWHI028,8.552,-0.02,7.24,23.835
2024-07-22,11:37:38,LARK012A,28.189,7.26,8.69,0.138
2024-07-22,11:37:48,LARK012A,27.924,6.85,8.57,1.121
2024-07-22,11:37:56,LARK012A,27.627,6.04,8.4,2.047
2024-07-22,11:38:06,LARK012A,27.567,5.71,8.33,3.036
2024-07-22,11:38:20,LARK012A,27.434,5.03,8.2,4.21
2024-07-22,11:38:29,LARK012A,26.401,2.06,7.88,4.551
2024-07-22,11:38:33,LARK012A,25.413,1.51,7.78,4.638
2024-07-22,11:38:48,LARK012A,24.404,0.72,7.71,4.649
2024-07-22,11:39:05,LARK012A,23.481,0.33,7.64,5.156
2024-07-22,11:39:09,LARK012A,22.292,0.27,7.62,5.655
2024-07-22,11:39:14,LARK012A,21.268,0.22,7.58,6.007
2024-07-22,11:39:19,LARK012A,20.276,0.19,7.51,6.374
2024-07-22,11:39:39,LARK012A,19.279,0.15,7.44,6.466
2024-07-22,11:39:45,LARK012A,18.277,0.1,7.41,7.357
2024-07-22,11:39:53,LARK012A,17.25,0.09,7.36,7.944
2024-07-22,11:40:00,LARK012A,17.143,0.08,7.33,8.042
2024-07-22,11:40:11,LARK012A,16.118,0.05,7.25,9.111
2024-07-22,11:40:20,LARK012A,15.909,0.04,7.21,9.274
2024-07-22,15:29:12,LARK014A,29.054,10.08,9.05,0.103
2024-07-22,15:29:20,LARK014A,28.066,9.9,9.07,0.553
2024-07-22,15:29:26,LARK014A,27.188,9.77,9,1.018
2024-07-22,15:29:38,LARK014A,26.589,7.86,8.55,2.042
2024-07-22,15:29:52,LARK014A,26.205,4.13,8.16,2.947
2024-07-22,15:29:57,LARK014A,25.62,2.47,7.92,4.052
2024-07-22,15:30:01,LARK014A,24.594,1.89,7.76,4.39
2024-07-22,15:30:04,LARK014A,23.32,1.52,7.65,4.902
2024-07-22,15:30:05,LARK014A,23.065,1.41,7.64,5.004
2024-07-22,15:30:09,LARK014A,21.615,1.11,7.56,5.829
2024-07-22,15:30:12,LARK014A,20.937,0.97,7.52,6.1
2024-07-22,15:30:15,LARK014A,19.907,0.85,7.48,6.285
2024-07-22,15:30:19,LARK014A,18.982,0.71,7.44,6.745
2024-07-22,15:30:21,LARK014A,18.539,0.66,7.43,7.163
2024-07-22,15:30:26,LARK014A,17.569,0.59,7.38,7.623
2024-07-22,15:30:29,LARK014A,17.263,0.54,7.35,8.025
2024-07-22,15:30:37,LARK014A,16.554,0.46,7.36,9.078
2024-07-22,15:30:44,LARK014A,15.838,0.38,7.34,10.097
2024-07-22,15:30:55,LARK014A,14.847,0.3,7.32,10.989
2024-09-17,14:02:49,LARK026A,25.379,8.92,8.82,0.152
2024-09-17,14:03:02,LARK026A,24.648,8.8,8.72,0.489
2024-09-17,14:03:20,LARK026A,23.769,5.97,8.24,1.004
2024-09-17,14:03:44,LARK026A,23.596,3.44,7.87,1.516
2024-09-17,14:04:00,LARK026A,23.576,2.75,7.73,1.844
2024-07-23,09:01:54,LARK038,26.549,13.41,8.59,0.236
2024-07-23,09:02:08,LARK038,26.538,13.39,8.6,0.516
2024-07-23,09:02:19,LARK038,26.482,13.33,8.57,1.009
2024-07-23,09:02:29,LARK038,26.41,12.86,8.46,1.502
2024-07-23,09:02:41,LARK038,26.01,10.26,8.21,2.005
2024-07-23,09:03:04,LARK038,25.194,6.69,7.89,2.64
2024-07-22,13:30:45,LARK039,28.361,7.76,8.44,0.111
2024-07-22,13:30:54,LARK039,27.825,7.49,8.37,1.071
2024-07-22,13:31:25,LARK039,27.449,5.35,7.94,2.042
2024-07-22,13:31:36,LARK039,26.992,2.71,7.76,3.033
2024-07-22,13:31:42,LARK039,25.92,1.76,7.61,3.25
2024-07-22,13:31:47,LARK039,24.9,1.28,7.54,3.263
2024-07-22,13:31:55,LARK039,23.726,0.8,7.45,3.651
2024-07-22,13:31:57,LARK039,22.643,0.67,7.41,3.968
2024-07-22,13:31:59,LARK039,21.389,0.59,7.36,4.203
2024-07-22,13:32:01,LARK039,20.443,0.53,7.34,4.324
2024-07-22,13:32:03,LARK039,19.518,0.48,7.32,4.503
2024-07-22,13:32:06,LARK039,18.543,0.43,7.33,4.735
2024-07-22,13:32:10,LARK039,17.617,0.38,7.35,4.839
2024-07-22,13:32:22,LARK039,17.044,0.29,7.27,5.006
2024-07-22,13:33:11,LARK039,16.58,0.15,7.09,5.206
2024-07-23,10:23:46,LNEO001A,27.41,10.13,9.06,0.157
2024-07-23,10:24:10,LNEO001A,27.219,9.95,9.01,1.121
2024-07-23,10:24:17,LNEO001A,26.959,9.15,8.76,2.004
2024-07-23,10:24:28,LNEO001A,26.513,4.59,8.3,3.072
2024-07-23,10:24:38,LNEO001A,25.542,2.04,8.04,3.917
2024-07-23,10:24:42,LNEO001A,24.522,1.51,7.88,4.236
2024-07-23,10:24:46,LNEO001A,23.483,1.18,7.74,4.675
2024-07-23,10:24:48,LNEO001A,22.495,1.05,7.67,4.92
2024-07-23,10:24:50,LNEO001A,21.531,0.94,7.64,5.055
2024-07-23,10:24:52,LNEO001A,20.566,0.87,7.62,5.203
2024-07-23,10:24:55,LNEO001A,19.592,0.79,7.57,5.349
2024-07-23,10:25:01,LNEO001A,18.499,0.66,7.5,5.607
2024-07-23,10:25:05,LNEO001A,17.961,0.58,7.44,6.019
2024-07-23,10:25:14,LNEO001A,16.904,0.45,7.37,6.685
2024-07-23,10:25:19,LNEO001A,16.41,0.4,7.34,7.083
2024-07-23,10:25:40,LNEO001A,15.509,0.26,7.2,8.001
2024-07-23,10:26:02,LNEO001A,14.765,0.19,7.18,8.846
2024-09-16,10:41:57,LOUA004A,23.888,7.67,7.23,0.088
2024-09-16,10:41:36,LOUA004A,23.382,6.38,7.2,0.572
2024-09-16,10:41:31,LOUA004A,23.226,6.01,7.2,1.009
2024-09-16,10:41:26,LOUA004A,23.117,5.86,7.22,1.516
2024-09-16,10:41:21,LOUA004A,23.089,5.84,7.24,2.059
2024-09-16,10:41:15,LOUA004A,23.084,5.88,7.25,2.559
2024-07-09,14:00:36,LOUA005A,29.621,6.15,6.59,0.33
2024-07-09,14:00:51,LOUA005A,29.536,6.03,6.55,1.022
2024-07-09,14:01:01,LOUA005A,29.308,5.71,6.52,2.074
2024-07-09,14:01:14,LOUA005A,29.11,5.17,6.48,3.08
2024-07-09,14:01:26,LOUA005A,28.862,4.33,6.37,4.03
2024-07-09,14:01:29,LOUA005A,27.979,3.15,6.18,4.38
2024-07-09,14:01:32,LOUA005A,26.884,2.26,6.07,4.67
2024-07-09,14:01:36,LOUA005A,25.674,1.71,6.06,5.066
2024-07-09,14:01:42,LOUA005A,24.716,1.09,6.14,5.329
2024-07-09,14:01:47,LOUA005A,23.857,0.8,6.16,5.859
2024-07-09,14:01:51,LOUA005A,22.827,0.65,6.17,6.112
2024-07-09,14:01:58,LOUA005A,21.9,0.49,6.22,6.389
2024-07-09,14:02:06,LOUA005A,20.816,0.36,6.31,6.917
2024-07-09,14:02:22,LOUA005A,20.234,0.24,6.51,7.275
2024-09-17,09:48:04,LOUA006A,24.777,8.83,8.78,0.131
2024-09-17,09:48:23,LOUA006A,25.937,9.11,8.81,0.521
2024-09-17,09:48:38,LOUA006A,25.931,9.15,8.82,1.007
2024-09-17,09:48:46,LOUA006A,25.912,9.13,8.8,1.487
2024-09-17,09:48:59,LOUA006A,25.698,8.61,8.59,2.033
2024-09-17,09:49:26,LOUA006A,25.507,5.99,8.06,2.5
2024-09-16,16:41:13,LOUA007A,26.56,8.88,8.87,0.107
2024-09-16,16:41:22,LOUA007A,27.089,10.46,8.92,0.498
2024-09-16,16:41:35,LOUA007A,26.291,9.98,8.66,1.004
2024-09-16,16:41:54,LOUA007A,25.181,7.1,8.26,1.498
2024-09-16,16:42:08,LOUA007A,24.779,4.14,8.01,2.013
2024-09-16,16:42:53,LOUA007A,24.554,1.22,7.48,2.681
2024-09-16,15:14:05,LOUA008A,25.058,8.7,7.23,0.105
2024-09-16,15:14:16,LOUA008A,25.664,7.53,7.15,0.501
2024-09-16,15:14:30,LOUA008A,25.417,6.4,7.09,1.012
2024-09-16,15:14:49,LOUA008A,25.01,4.48,6.94,1.524
2024-09-16,15:15:02,LOUA008A,24.708,2.76,6.8,2.051
2024-09-16,15:15:11,LOUA008A,24.583,1.88,6.73,2.529
2024-09-16,15:15:24,LOUA008A,24.342,0.93,6.59,3.011
2024-09-16,15:15:43,LOUA008A,23.481,0.51,5.92,3.204
2024-09-16,13:36:28,LOUA010A,25.782,10.16,8.68,0.114
2024-09-16,13:36:39,LOUA010A,25.413,10.13,8.44,0.509
2024-09-16,13:36:52,LOUA010A,24.811,7.54,8.11,1.033
2024-09-16,13:37:10,LOUA010A,24.628,4.7,7.78,1.491
2024-09-16,13:37:21,LOUA010A,24.551,3.6,7.59,2.036
2024-09-16,13:37:32,LOUA010A,24.496,2.74,7.44,2.506
2024-07-09,10:26:00,LOUA012A,29.136,4.49,6.26,0.295
2024-07-09,10:26:19,LOUA012A,29.138,4.47,6.23,1.033
2024-07-09,10:26:37,LOUA012A,29.143,4.45,6.2,2.1
2024-07-09,10:26:48,LOUA012A,29.104,4.4,6.2,3.056
2024-07-09,10:26:56,LOUA012A,27.975,3.19,5.8,3.412
2024-07-09,10:26:59,LOUA012A,26.976,2.45,5.8,3.571
2024-07-09,10:27:01,LOUA012A,25.876,2.11,5.8,3.674
2024-07-09,10:27:05,LOUA012A,24.812,1.67,5.88,3.796
2024-07-09,10:27:13,LOUA012A,23.846,0.95,6.02,4.099
2024-07-09,10:27:28,LOUA012A,23.255,0.41,6.17,4.264
2024-07-09,09:07:47,LOUA026A,28.489,4.74,6.23,0.35
2024-07-09,09:08:02,LOUA026A,28.49,4.73,6.21,0.498
2024-07-09,09:08:12,LOUA026A,28.492,4.72,6.21,1.014
2024-07-09,09:08:21,LOUA026A,28.489,4.71,6.22,1.506
2024-07-09,09:08:39,LOUA026A,28.483,4.7,6.22,2.014
2024-07-09,09:08:56,LOUA026A,28.477,4.7,6.22,2.439
2024-10-07,11:37:08,LARK012A,23.677,7.89,8.62,0.213
2024-10-07,11:37:19,LARK012A,23.454,7.8,8.33,1.089
2024-10-07,11:37:32,LARK012A,23.118,5.72,7.82,2.009
2024-10-07,11:37:46,LARK012A,22.964,4.18,7.6,3.005
2024-10-07,11:37:57,LARK012A,22.66,2.43,7.45,4.026
2024-10-07,11:38:13,LARK012A,22.383,1.01,7.41,5.025
2024-10-07,11:38:22,LARK012A,22.089,0.68,7.44,5.912
2024-10-07,11:38:27,LARK012A,20.999,0.54,7.21,6.631
2024-10-07,11:38:30,LARK012A,20.418,0.5,7.11,7.061
2024-10-07,11:38:36,LARK012A,19.433,0.43,7.04,7.531
2024-10-07,11:38:39,LARK012A,18.717,0.39,6.99,7.99
2024-10-07,11:38:43,LARK012A,17.794,0.36,6.97,8.651
2024-10-07,11:39:09,LARK012A,17.138,0.32,7,8.777
2024-10-07,14:50:49,LARK014A,23.673,11.51,9.1,0.13
2024-10-07,14:51:01,LARK014A,23.513,11.56,9.1,1.023
2024-10-07,14:51:07,LARK014A,23.275,11.4,9.04,2.181
2024-10-07,14:51:12,LARK014A,22.754,9.43,8.29,2.962
2024-10-07,14:51:13,LARK014A,22.644,8.72,8.1,3.288
2024-10-07,14:51:19,LARK014A,22.35,5.7,7.82,4.043
2024-10-07,14:51:26,LARK014A,22.204,3.75,7.6,5
2024-10-07,14:51:32,LARK014A,21.457,2.33,7.18,6.01
2024-10-07,14:51:37,LARK014A,20.439,1.65,6.99,6.991
2024-10-07,14:51:40,LARK014A,19.495,1.43,6.94,7.685
2024-10-07,14:51:44,LARK014A,18.327,1.22,6.94,8.464
2024-10-07,14:51:48,LARK014A,17.686,1.07,6.93,9.033
2024-10-07,14:51:53,LARK014A,17.007,0.92,6.91,10.08
2024-10-07,14:52:06,LARK014A,16.367,0.7,6.85,11.02
2024-10-07,14:52:14,LARK014A,16.149,0.6,6.81,11.285
2024-12-10,13:26:01,LARK026A,9.944,10.96,8.07,0.116
2024-12-10,13:26:21,LARK026A,9.859,10.94,8.05,0.51
2024-12-10,13:26:52,LARK026A,9.788,10.83,8.01,1.521
2024-12-10,13:27:29,LARK026A,9.789,10.83,7.36,2.007
2024-10-08,08:40:18,LARK038,21.141,12.74,8.29,0.1
2024-10-08,08:39:16,LARK038,21.108,12.7,8.27,0.532
2024-10-08,08:39:43,LARK038,20.959,12.35,8.21,1.014
2024-10-08,08:39:40,LARK038,20.937,12.33,8.17,1.583
2024-10-08,08:39:36,LARK038,20.948,12.38,8.19,2.45
2024-10-07,13:02:42,LARK039,22.982,7.83,7.96,0.101
2024-10-07,13:02:48,LARK039,22.587,7.81,7.98,1.133
2024-10-07,13:02:59,LARK039,22.124,7.47,7.79,2.013
2024-10-07,13:03:22,LARK039,21.988,7.05,7.66,3.113
2024-10-07,13:03:42,LARK039,21.843,5.36,7.39,4.054
2024-10-07,13:03:50,LARK039,21.585,3.41,7.18,5.127
2024-10-07,13:03:52,LARK039,21.299,3.01,7.1,5.205
2024-10-08,09:46:52,LNEO001A,21.291,8.74,8.52,0.1
2024-10-08,09:45:42,LNEO001A,20.427,4.89,8.54,1.128
2024-10-08,09:45:40,LNEO001A,19.821,3.83,8.46,2.412
2024-10-08,09:45:38,LNEO001A,18.757,2.37,8.28,3.292
2024-10-08,09:45:37,LNEO001A,17.974,1.37,7.92,3.994
2024-10-08,09:45:36,LNEO001A,17.305,1.34,7.27,4.672
2024-10-08,09:45:35,LNEO001A,16.713,1.36,6.96,5.068
2024-10-08,09:45:33,LNEO001A,16.167,1.42,6.89,6.126
2024-10-08,09:45:31,LNEO001A,16.133,1.5,6.86,7.378
2024-10-08,09:45:29,LNEO001A,16.228,1.62,6.87,8.146
2024-10-08,09:45:27,LNEO001A,16.343,1.76,6.87,8.151
2024-12-09,11:09:17,LOUA004A,11.444,10.16,7.54,0.177
2024-12-09,11:09:21,LOUA004A,10.722,10.46,7.56,0.492
2024-12-09,11:09:39,LOUA004A,9.919,10.64,7.6,1.021
2024-12-09,11:09:55,LOUA004A,9.738,10.42,7.59,1.233
2024-10-22,11:45:19,LOUA005A,20.408,9.28,7.33,0.114
2024-10-22,11:45:41,LOUA005A,20.782,8.73,7.24,1.012
2024-10-22,11:46:23,LOUA005A,19.952,7.57,7.01,2.072
2024-10-22,11:46:54,LOUA005A,19.682,6.63,6.83,3.018
2024-10-22,11:47:27,LOUA005A,19.612,5.91,6.71,4.025
2024-10-22,11:48:02,LOUA005A,19.596,5.25,6.53,5.013
2024-10-22,11:48:16,LOUA005A,19.597,5.06,6.45,5.2
2024-12-10,09:18:18,LOUA006A,11.613,10.21,7.94,0.109
2024-12-10,09:18:33,LOUA006A,11.552,9.68,7.77,0.499
2024-12-10,09:18:48,LOUA006A,11.541,9.51,7.69,1.005
2024-12-10,09:19:02,LOUA006A,11.541,9.45,7.64,1.515
2024-12-10,09:19:16,LOUA006A,11.519,9.39,7.61,2.003
2024-12-10,09:19:35,LOUA006A,11.237,9.17,7.55,2.503
2024-12-09,16:40:46,LOUA007A,11.679,11.49,8.54,0.133
2024-12-09,16:40:51,LOUA007A,11.48,11.59,8.56,0.52
2024-12-09,16:40:59,LOUA007A,10.833,11.45,8.41,1.02
2024-12-09,16:41:07,LOUA007A,10.592,11.14,8.31,1.476
2024-12-09,16:41:16,LOUA007A,10.477,10.7,8.21,2.006
2024-12-09,16:41:20,LOUA007A,10.434,10.51,8.15,2.19
2024-12-09,15:27:45,LOUA008A,13.39,9.3,6.83,0.169
2024-12-09,15:27:53,LOUA008A,11.733,8.02,6.84,0.507
2024-12-09,15:28:01,LOUA008A,10.965,7.08,6.84,1.04
2024-12-09,15:28:08,LOUA008A,10.567,6.44,6.83,1.531
2024-12-09,15:28:17,LOUA008A,10.358,5.81,6.81,2.079
2024-12-09,15:28:21,LOUA008A,10.256,5.63,6.78,2.492
2024-12-09,15:28:29,LOUA008A,10.202,5.34,6.72,3.001
2024-12-09,15:28:38,LOUA008A,10.198,5.15,6.7,3.158
2024-12-09,13:51:22,LOUA010A,12.357,9.94,8,0.122
2024-12-09,13:51:32,LOUA010A,11.082,10.55,8.05,0.531
2024-12-09,13:51:40,LOUA010A,10.512,10.75,8.04,1.06
2024-12-09,13:51:50,LOUA010A,9.997,10.67,7.97,1.548
2024-12-09,13:52:14,LOUA010A,9.765,9.83,7.72,2.034
2024-10-22,10:33:59,LOUA012A,20.053,8.08,6.94,0.109
2024-10-22,10:34:29,LOUA012A,19.808,8.14,6.95,1.012
2024-10-22,10:34:53,LOUA012A,19.551,7.04,6.82,2.033
2024-10-22,10:35:21,LOUA012A,19.408,5.68,6.65,3.022
2024-10-22,10:35:54,LOUA012A,19.333,4.84,6.41,4.028
2024-10-22,10:36:24,LOUA012A,19.424,4.54,6.6,4.312
2024-10-22,09:13:51,LOUA026A,17.6,8.88,6.44,0.134
2024-10-22,09:14:16,LOUA026A,18.192,7.58,6.32,0.544
2024-10-22,09:14:27,LOUA026A,18.193,7.5,6.32,1.059
2024-10-22,09:14:38,LOUA026A,18.187,7.47,6.33,1.505
2024-10-22,09:14:53,LOUA026A,18.19,7.44,6.33,2.004
2024-10-22,09:15:22,LOUA026A,18.203,7.39,6.85,2.505
2024-10-21,13:56:40,LRED001A,19.705,10.12,8.79,0.111
2024-10-21,13:56:42,LRED001A,20.821,9.87,8.82,0.236
2024-10-21,13:56:56,LRED001A,21.113,9.94,8.86,1.044
2024-10-21,13:57:25,LRED001A,20.665,9.33,8.07,2.05
2024-10-21,13:57:42,LRED001A,20.531,8.57,7.6,3.027
2024-10-21,13:57:59,LRED001A,20.481,8.03,7.41,4.055
2024-10-21,13:58:21,LRED001A,20.433,7.43,7.25,5.088
2024-10-21,13:58:31,LRED001A,20.347,7.14,7.18,6.04
2024-10-21,13:58:49,LRED001A,20.16,6.21,7.06,7.007
2024-10-21,13:59:18,LRED001A,20.102,5.66,7.01,8.047
2024-10-21,13:59:37,LRED001A,20.102,5.44,7,8.468
2024-10-21,15:28:30,LRED001B,22.128,9.53,8.93,0.132
2024-10-21,15:28:50,LRED001B,21.348,9.68,8.83,1.028
2024-10-21,15:29:01,LRED001B,20.36,9.65,8.71,1.549
2024-10-21,15:29:09,LRED001B,19.907,9.13,7.96,2.03
2024-10-21,15:29:27,LRED001B,19.567,5.71,7.27,3.008
2024-10-21,15:29:48,LRED001B,19.518,4.43,7.04,3.919
2024-10-21,18:12:30,LRED002A,22.34,8.88,7.67,0.122
2024-10-21,18:12:47,LRED002A,21.459,8.95,7.77,1.025
2024-10-21,18:12:58,LRED002A,20.62,8.85,7.68,1.991
2024-10-21,18:13:14,LRED002A,20.101,7.58,7.3,3.074
2024-10-21,18:13:27,LRED002A,19.815,6.67,7.08,4.03
2024-10-21,18:13:41,LRED002A,19.714,5.77,6.92,5.035
2024-10-21,18:14:02,LRED002A,19.69,5.35,6.83,6.056
2024-10-21,18:14:10,LRED002A,19.688,5.28,6.82,6.212
2024-10-21,17:35:41,LRED002B,21.467,8.01,7.12,0.143
2024-10-21,17:35:50,LRED002B,21.154,7.69,7.11,0.509
2024-10-21,17:35:57,LRED002B,20.109,7.71,7.09,0.735
2024-10-21,17:36:05,LRED002B,19.405,7.63,7.05,1.015
2024-10-21,17:36:15,LRED002B,18.637,7.48,6.97,1.498
2024-10-21,17:36:28,LRED002B,18.471,7.28,6.9,1.912
2024-10-21,11:35:08,LRED004A,18.946,9.53,7.33,0.137
2024-10-21,11:35:09,LRED004A,18.923,9.49,7.33,0.221
2024-10-21,11:35:10,LRED004A,18.868,9.46,7.33,0.249
2024-10-21,11:35:11,LRED004A,18.824,9.45,7.33,0.301
2024-10-21,11:35:12,LRED004A,18.77,9.39,7.32,0.36
2024-10-21,11:35:13,LRED004A,18.698,9.37,7.32,0.38
2024-10-21,11:35:14,LRED004A,18.627,9.37,7.31,0.412
2024-10-21,11:35:15,LRED004A,18.556,9.34,7.3,0.486
2024-10-21,11:35:16,LRED004A,18.488,9.3,7.29,0.567
2024-10-21,11:35:17,LRED004A,18.417,9.27,7.27,0.662
2024-10-21,11:35:18,LRED004A,18.362,9.24,7.24,0.698
2024-10-21,11:35:19,LRED004A,18.31,9.2,7.23,0.713
2024-10-21,11:35:20,LRED004A,18.278,9.17,7.21,0.729
2024-10-21,11:35:21,LRED004A,18.249,9.15,7.2,0.752
2024-10-21,11:35:22,LRED004A,18.219,9.12,7.2,0.779
2024-10-21,11:35:23,LRED004A,18.189,9.1,7.19,0.816
2024-10-21,11:35:24,LRED004A,18.169,9.08,7.18,0.837
2024-10-21,11:35:25,LRED004A,18.153,9.07,7.17,0.845
2024-10-21,11:35:26,LRED004A,18.144,9.06,7.17,0.887
2024-10-21,11:35:27,LRED004A,18.13,9.04,7.17,0.904
2024-10-21,11:35:28,LRED004A,18.118,9.03,7.17,0.91
2024-10-21,11:35:29,LRED004A,18.108,9.02,7.17,0.911
2024-10-21,11:35:30,LRED004A,18.101,9.01,7.17,0.91
2024-10-21,11:35:31,LRED004A,18.093,9,7.17,0.927
2024-10-21,11:35:32,LRED004A,18.087,9,7.17,0.933
2024-10-21,11:35:33,LRED004A,18.08,8.99,7.17,0.938
2024-10-21,11:35:34,LRED004A,18.073,8.98,7.17,0.955
2024-10-21,11:35:35,LRED004A,18.061,8.98,7.17,0.962
2024-10-21,11:35:36,LRED004A,18.05,8.97,7.17,0.964
2024-10-21,11:35:37,LRED004A,18.044,8.97,7.17,0.985
2024-10-21,11:35:38,LRED004A,18.037,8.96,7.17,1.022
2024-10-21,11:35:39,LRED004A,18.024,8.95,7.17,1.064
2024-10-21,11:35:40,LRED004A,18.009,8.95,7.17,1.102
2024-10-21,11:35:41,LRED004A,17.997,8.94,7.16,1.108
2024-10-21,11:35:42,LRED004A,17.99,8.93,7.16,1.111
2024-10-21,11:35:43,LRED004A,17.971,8.92,7.16,1.114
2024-10-21,11:35:44,LRED004A,17.956,8.91,7.16,1.118
2024-10-21,11:35:45,LRED004A,17.945,8.91,7.15,1.117
2024-10-21,11:35:46,LRED004A,17.941,8.9,7.15,1.119
2024-10-21,11:35:47,LRED004A,17.935,8.89,7.15,1.124
2024-10-21,11:35:48,LRED004A,17.929,8.87,7.14,1.125
2024-10-21,11:35:49,LRED004A,17.923,8.86,7.14,1.124
2024-11-19,12:25:41,LWHI001A,17.469,9.48,8.39,0.217
2024-11-19,12:25:42,LWHI001A,17.473,9.48,8.39,0.221
2024-11-19,12:25:43,LWHI001A,17.477,9.5,8.39,0.219
2024-11-19,12:25:44,LWHI001A,17.481,9.51,8.4,0.22
2024-11-19,12:25:45,LWHI001A,17.485,9.51,8.4,0.22
2024-11-19,12:25:46,LWHI001A,17.487,9.53,8.4,0.218
2024-11-19,12:25:47,LWHI001A,17.49,9.55,8.41,0.218
2024-11-19,12:25:48,LWHI001A,17.501,9.55,8.41,0.219
2024-11-19,12:25:49,LWHI001A,17.517,9.55,8.41,0.218
2024-11-19,12:25:50,LWHI001A,17.533,9.55,8.42,0.219
2024-11-19,12:25:51,LWHI001A,17.542,9.56,8.42,0.219
2024-11-19,12:25:52,LWHI001A,17.554,9.57,8.42,0.22
2024-11-19,12:25:53,LWHI001A,17.565,9.58,8.42,0.221
2024-11-19,12:25:54,LWHI001A,17.576,9.59,8.43,0.219
2024-11-19,12:25:55,LWHI001A,17.587,9.59,8.44,0.218
2024-11-19,12:25:56,LWHI001A,17.605,9.6,8.45,0.22
2024-11-19,12:25:57,LWHI001A,17.623,9.61,8.45,0.225
2024-11-19,12:25:58,LWHI001A,17.639,9.61,8.46,0.184
2024-11-19,12:25:59,LWHI001A,17.654,9.62,8.47,0.093
2024-11-19,12:26:00,LWHI001A,17.685,9.64,8.49,0.083
2024-11-19,12:26:01,LWHI001A,17.716,9.63,8.49,0.176
2024-11-19,12:26:02,LWHI001A,17.719,9.63,8.48,0.214
2024-11-19,12:26:03,LWHI001A,17.714,9.64,8.48,0.218
2024-11-19,12:26:04,LWHI001A,17.712,9.65,8.48,0.244
2024-11-19,12:26:05,LWHI001A,17.712,9.65,8.48,0.336
2024-11-19,12:26:06,LWHI001A,17.708,9.65,8.48,0.379
2024-11-19,12:26:07,LWHI001A,17.7,9.65,8.47,0.395
2024-11-19,12:26:08,LWHI001A,17.691,9.64,8.47,0.432
2024-11-19,12:26:09,LWHI001A,17.683,9.64,8.47,0.509
2024-11-19,12:26:10,LWHI001A,17.664,9.64,8.47,0.543
2024-11-19,12:26:11,LWHI001A,17.634,9.61,8.46,0.58
2024-11-19,12:26:12,LWHI001A,17.59,9.58,8.45,0.623
2024-11-19,12:26:13,LWHI001A,17.55,9.57,8.43,0.663
2024-11-19,12:26:14,LWHI001A,17.496,9.58,8.42,0.67
2024-11-19,12:26:15,LWHI001A,17.458,9.57,8.41,0.678
2024-11-19,12:26:16,LWHI001A,17.435,9.56,8.41,0.714
2024-11-19,12:26:17,LWHI001A,17.419,9.53,8.4,0.777
2024-11-19,12:26:18,LWHI001A,17.386,9.49,8.39,0.81
2024-11-19,12:26:19,LWHI001A,17.358,9.48,8.38,0.818
2024-11-19,12:26:20,LWHI001A,17.336,9.45,8.37,0.827
2024-11-19,12:26:21,LWHI001A,17.322,9.44,8.36,0.863
2024-11-19,12:26:22,LWHI001A,17.307,9.43,8.35,0.923
2024-11-19,12:26:23,LWHI001A,17.276,9.38,8.34,0.969
2024-11-19,12:26:24,LWHI001A,17.23,9.35,8.33,0.988
2024-11-19,12:26:25,LWHI001A,17.2,9.33,8.32,1.032
2024-11-19,12:26:26,LWHI001A,17.173,9.31,8.31,1.072
2024-11-19,12:26:27,LWHI001A,17.152,9.28,8.3,1.071
2024-11-19,14:58:18,LWHI005A,19.609,9.52,7.96,0.144
2024-11-19,14:58:37,LWHI005A,18.643,9.33,8.01,0.814
2024-11-19,14:58:43,LWHI005A,18.08,9.4,8,1.01
2024-11-19,14:59:06,LWHI005A,17.401,8.91,7.83,2.026
2024-11-19,14:59:19,LWHI005A,17.197,8.7,7.76,3.02
2024-11-19,14:59:28,LWHI005A,17.137,8.49,7.73,3.242
2024-11-18,14:17:59,LWHI023,16.9,7.34,8.27,0.1
2024-11-18,14:18:18,LWHI023,16.889,7.34,8.26,1.004
2024-11-18,14:18:33,LWHI023,16.882,7.35,8.26,2.004
2024-11-18,14:18:55,LWHI023,16.871,7.35,8.25,3.046
2024-11-18,14:20:06,LWHI023,16.872,5.76,8.1,3.76
2024-11-18,12:57:14,LWHI027,16.443,8.13,8.1,0.11
2024-11-18,12:57:32,LWHI027,16.391,8.12,8.08,1.014
2024-11-18,12:57:51,LWHI027,15.955,8.03,8.05,2.003
2024-11-18,12:58:13,LWHI027,15.783,7.87,8.01,3.004
2024-11-18,12:58:36,LWHI027,15.686,7.81,8.01,4.009
2024-11-18,12:59:03,LWHI027,15.608,7.72,7.97,5.02
2024-11-18,12:59:33,LWHI027,15.524,7.58,7.96,6.009
2024-11-18,13:00:00,LWHI027,15.398,7.54,7.93,7.032
2024-11-18,13:00:24,LWHI027,15.266,7.34,7.86,8
2024-11-18,13:00:49,LWHI027,15.141,7.13,7.81,9.019
2024-11-18,13:01:15,LWHI027,14.504,6.19,7.55,10.014
2024-11-18,13:01:25,LWHI027,13.533,3.57,7.39,10.413
2024-11-18,13:01:35,LWHI027,12.509,2.09,7.39,10.781
2024-11-18,13:01:40,LWHI027,12.029,1.66,7.41,11.019
2024-11-18,13:01:55,LWHI027,11.011,0.99,7.47,11.666
2024-11-18,13:02:04,LWHI027,10.853,0.78,7.51,12.004
2024-11-18,13:02:53,LWHI027,10.524,0.31,7.51,12.906
2024-11-18,11:28:45,LWHI028,16.325,7.93,7.78,0.118
2024-11-18,11:29:21,LWHI028,16.262,7.12,7.75,1.034
2024-11-18,11:29:38,LWHI028,16.22,7.03,7.74,2.003
2024-11-18,11:29:55,LWHI028,16.194,7.04,7.76,3.018
2024-11-18,11:30:18,LWHI028,16.19,7.04,7.76,4.016
2024-11-18,11:30:46,LWHI028,16.186,7.07,7.76,5.012
2024-11-18,11:31:10,LWHI028,16.176,7.08,7.77,6.015
2024-11-18,11:31:37,LWHI028,16.165,7.11,7.77,7.004
2024-11-18,11:32:04,LWHI028,16.157,7.08,7.76,8.009
2024-11-18,11:32:31,LWHI028,16.136,7.02,7.74,9.026
2024-11-18,11:32:49,LWHI028,16.039,6.89,7.74,10.067
2024-11-18,11:33:07,LWHI028,15.901,6.6,7.69,11.02
2024-11-18,11:33:26,LWHI028,14.89,3.79,7.38,11.865
2024-11-18,11:33:31,LWHI028,14.187,3.04,7.36,12.029
2024-11-18,11:33:41,LWHI028,13.167,1.78,7.38,12.638
2024-11-18,11:33:54,LWHI028,12.255,1.12,7.39,13.046
2024-11-18,11:34:22,LWHI028,11.351,0.52,7.34,14.045
2024-11-18,11:34:42,LWHI028,10.873,0.33,7.31,15.026
2024-11-18,11:35:08,LWHI028,10.47,0.22,7.27,16.032
2024-11-18,11:35:32,LWHI028,10.322,0.15,7.27,17.032
2024-11-18,11:35:56,LWHI028,10.238,0.11,7.24,18.007
2024-11-18,11:36:23,LWHI028,10.089,0.07,7.23,19.017
2024-11-18,11:36:54,LWHI028,9.792,0.04,7.18,20.002
